click_hotel_index_pv,click_hotel_index_search_pv,click_hotel_detail_pv,click_travel_index_pv,click_travel_index_search_pv,click_travel_index_pie_pv,click_travel_pre_order_pv,click_travel_detail_pv,page_cnt,launch_cnt,loc_mdd_duration,hotel_detail_pv,travel_detail_pv,long_sum_duration,long_max_duration,long_avg_duration,short_sum_duration,short_max_duration,short_avg_duration,poi_sum_duration,poi_max_duration,poi_avg_duration,hotel_sum_duration,hotel_max_duration,hotel_avg_duration,travel_sum_duration,travel_max_duration,travel_avg_duration
1,0,0,5,0,3,0,2,13,9,0,0,7,0,0,0,0,0,0,0,0,0,0,0,0,147.944378,78.908781,21.13491114
0,0,0,0,0,0,0,0,8,4,0,0,0,0,0,0,0,0,0,76.316,35.667,25.43866667,0,0,0,0,0,0
0,0,0,0,0,0,0,0,10,3,0,0,0,202.82,120.239,101.41,71.318,70.4,35.659,0,0,0,0,0,0,0,0,0
0,0,0,0,0,0,0,0,11,6,0,1,0,63.948224,63.948224,63.948224,0,0,0,39.319086,15.002749,6.553181,8.474107,8.474107,8.474107,0,0,0
0,0,0,0,0,0,0,0,10,4,0,0,0,9.874847,9.874847,9.874847,167.675913,46.051728,16.7675913,8.162891,8.162891,8.162891,0,0,0,0,0,0
0,0,0,0,0,0,0,0,13,3,0,0,5,0,0,0,20.83,18.687,10.415,60.226,45.172,15.0565,0,0,0,76.384,34.778,15.2768
0,0,0,0,0,0,0,0,13,1,0,0,0,317.589,150.877,52.9315,0,0,0,0,0,0,0,0,0,0,0,0
0,0,0,0,0,0,0,0,6,5,0,0,0,378.797,137.011,47.349625,0,0,0,0,0,0,0,0,0,0,0,0
0,0,0,0,0,0,0,1,4,5,0,0,2,0,0,0,0,0,0,479.0816173,157.0564973,65.54033008,0,0,0,43.606368,42.497448,21.803184
0,0,0,1,0,1,0,0,12,5,0,0,0,0,0,0,0,0,0,137.23,120.065,65.54033008,0,0,0,0,0,0
0,0,0,0,0,0,0,0,11,4,0,0,0,18.517,18.517,18.517,0,0,0,0,0,0,0,0,0,0,0,0
0,0,0,0,0,0,0,0,10,5,28.13,0,0,0,0,0,0,0,0,19.326,19.326,19.326,0,0,0,0,0,0
0,0,0,1,0,1,0,0,15,9,0,0,0,0,0,0,0,0,0,0,0,0,0,0,0,0,0,0
0,0,0,0,0,0,0,0,11,7,0,0,0,0,0,0,2.174,2.174,2.174,0,0,0,0,0,0,0,0,0
0,0,0,0,0,0,0,0,4,5,0,0,0,0,0,0,283.589,165.076,70.89725,0,0,0,0,0,0,0,0,0
0,0,0,0,0,0,0,0,8,8,0,0,1,0,0,0,61.398,20.927,10.233,0,0,0,0,0,0,49.382,49.382,49.382
0,0,0,0,0,0,0,0,7,5,0,0,3,358.096,132.454,89.524,0,0,0,0,0,0,0,0,0,65.712,56.737,21.904
0,0,0,0,0,0,0,0,9,3,0,1,0,220.633,185.403,110.3165,70.289,38.813,35.1445,0,0,0,7.427,7.427,7.427,0,0,0
0,0,0,0,0,0,0,0,4,2,0,0,0,687.061,355.476,114.5101667,0,0,0,289.492,145.798,32.16577778,0,0,0,0,0,0
0,0,0,0,0,0,0,0,7,1,0,0,0,497.566,388.447,165.8553333,0,0,0,0,0,0,0,0,0,0,0,0
0,0,0,0,0,0,0,0,13,5,0,0,4,40.970743,29.104237,20.4853715,44.794551,44.794551,44.794551,0,0,0,0,0,0,131.611674,87.039429,32.9029185
0,0,0,1,0,1,0,0,9,4,0,0,3,0,0,0,456.099064,183.930981,38.00825533,0,0,0,0,0,0,161.526386,87.498078,53.84212867
0,0,0,0,0,0,0,0,18,4,0,0,0,77.748,37.352,19.437,13.825,13.825,13.825,94.048,40.693,11.756,0,0,0,0,0,0
0,0,0,0,0,0,0,0,14,6,0,0,0,0,0,0,0,0,0,52.391655,17.627127,8.7319425,0,0,0,0,0,0
0,0,0,0,0,0,0,0,10,5,0,0,0,0,0,0,0,0,0,150.28,83.015,50.09333333,0,0,0,0,0,0
0,0,0,6,1,3,0,1,19,6,0,0,1,2.578455,1.560016,1.2892275,4.689807,3.579879,2.3449035,0,0,0,0,0,0,6.931995,6.931995,6.931995
0,0,0,0,0,0,0,0,6,8,0,0,0,150.251829,116.177295,50.083943,0,0,0,0,0,0,0,0,0,0,0,0
0,0,0,0,0,0,1,5,12,4,0,0,5,0,0,0,0,0,0,0,0,0,0,0,0,200.593405,79.2638,40.118681
0,0,0,0,0,0,0,0,8,3,0,0,0,0,0,0,124.163307,124.163307,75.09486667,17.770054,17.770054,17.770054,0,0,0,0,0,0
0,0,0,0,0,0,0,0,15,1,0,0,2,408.156,162.235,51.0195,40.269,22.405,20.1345,101.828,33.337,20.3656,0,0,0,122.88,103.933,61.44
0,0,0,0,0,0,0,0,9,3,0,0,0,0,0,0,0,0,0,0,0,0,0,0,0,0,0,0
0,0,0,0,0,0,0,0,14,3,0,0,0,0,0,0,0,0,0,0,0,0,0,0,0,0,0,0
0,0,0,0,0,0,0,0,3,2,0,0,0,709.116244,476.01787,302.0928378,0,0,0,16.617622,16.617622,16.617622,0,0,0,0,0,0
0,0,0,0,0,0,0,0,11,2,0,0,0,686.576,628.538,228.8586667,8.456,8.456,8.456,0,0,0,0,0,0,0,0,0
0,0,0,0,0,0,0,0,22,2,0,0,0,0,0,0,11.535269,5.823829,3.845089667,11.55015,8.572855,5.775075,0,0,0,0,0,0
0,0,0,0,0,0,0,0,6,2,0,0,0,756.104654,370.286717,108.0149506,79.772521,28.493561,15.9545042,0,0,0,0,0,0,0,0,0
0,0,0,0,0,0,0,0,11,4,7.452,0,0,0,0,0,0,0,0,28.28,10.309,5.656,0,0,0,0,0,0
4,0,5,0,0,0,0,0,13,3,0,3,0,197.080563,73.433563,49.27014075,0,0,0,0,0,0,57.983884,33.096407,19.32796133,0,0,0
0,0,0,0,0,0,0,0,7,2,32.31662,0,0,593.382,593.382,302.0928378,0,0,0,0,0,0,0,0,0,0,0,0
0,0,0,0,0,0,0,0,10,4,0,0,0,184.738,74.763,23.09225,0,0,0,0,0,0,0,0,0,0,0,0
0,0,0,0,0,0,0,0,9,4,0,0,0,274.413048,190.65298,54.8826096,0,0,0,0,0,0,0,0,0,0,0,0
0,0,0,0,0,0,0,0,5,7,0,0,1,0,0,0,0,0,0,385.603,105.903,21.42238889,0,0,0,28.498,28.498,28.498
0,0,0,0,0,0,0,0,13,3,0,0,0,329.731441,96.492216,32.9731441,6.35793,6.35793,6.35793,17.944722,17.944722,17.944722,0,0,0,0,0,0
0,0,0,0,0,0,0,0,17,4,0,0,6,19.932462,14.997537,9.966231,0,0,0,0,0,0,0,0,0,137.096538,41.096597,22.849423
0,0,0,0,0,0,0,0,15,7,0,0,2,0,0,0,0,0,0,0,0,0,0,0,0,69.750431,58.746761,34.8752155
0,0,0,0,0,0,0,3,9,10,0,0,13,0,0,0,0,0,0,0,0,0,0,0,0,154.194,77.687,11.86107692
0,0,0,0,0,0,0,0,8,2,0,0,0,308.429,308.429,302.0928378,0,0,0,0,0,0,0,0,0,0,0,0
0,0,0,0,0,0,0,0,8,5,0,0,0,16.720623,11.533793,8.3603115,280.887413,68.559886,12.21249622,0,0,0,0,0,0,0,0,0
0,0,0,0,0,0,0,0,7,5,0,0,0,309.402,224.937,77.3505,0,0,0,0,0,0,0,0,0,0,0,0
0,0,0,0,0,0,0,0,7,6,0,0,1,0,0,0,4.295,4.295,4.295,0,0,0,0,0,0,0.633,0.633,0.633
3,0,0,0,0,0,0,0,11,4,0,0,0,0,0,0,3.257507,3.257507,3.257507,0,0,0,0,0,0,0,0,0
0,0,0,0,0,0,0,0,8,1,0,0,0,1193.838465,463.451434,238.767693,0,0,0,0,0,0,0,0,0,0,0,0
0,0,0,0,0,0,0,0,12,4,0,0,0,296.345,209.109,74.08625,0,0,0,67.655,54.919,33.8275,0,0,0,0,0,0
0,0,0,0,0,0,0,0,4,7,0,0,0,0,0,0,2.539133,2.539133,2.539133,0,0,0,0,0,0,0,0,0
0,0,0,0,0,0,0,0,7,11,0,0,0,0,0,0,0,0,0,33.681,11.565,3.3681,0,0,0,0,0,0
0,0,0,0,0,0,0,0,8,2,0,0,0,308.429,308.429,302.0928378,0,0,0,0,0,0,0,0,0,0,0,0
0,0,0,6,0,3,0,0,18,8,4.993917,0,0,0,0,0,18.053486,9.008479,6.017828667,0,0,0,0,0,0,0,0,0
0,0,0,0,0,0,0,0,10,16,32.175581,0,0,0,0,0,0,0,0,0.460737,0.460737,0.460737,0,0,0,0,0,0
0,0,0,1,0,0,0,0,25,2,0,4,0,59.128795,36.444252,29.5643975,0,0,0,0,0,0,73.234916,31.222013,18.308729,0,0,0
1,0,4,4,0,3,0,4,15,5,0,3,9,0,0,0,0,0,0,0,0,0,95.009,64.388,31.66966667,185.382,57.754,20.598
0,0,0,0,0,0,0,0,10,4,0,0,0,0,0,0,0.529897,0.529897,0.529897,0,0,0,0,0,0,0,0,0
0,0,0,0,0,0,0,0,6,3,0,0,0,7.696679,6.015794,2.565559667,152.740008,45.374413,8.984706353,0,0,0,0,0,0,0,0,0
0,0,0,0,0,0,0,0,11,4,0,0,0,147.732657,147.732657,147.732657,0,0,0,0,0,0,0,0,0,0,0,0
0,0,0,0,0,0,0,0,14,2,0,0,0,381.141733,187.041694,76.2283466,0,0,0,0,0,0,0,0,0,0,0,0
0,0,0,0,0,0,0,0,8,2,0,0,0,544.731,181.059,108.9462,0,0,0,0,0,0,0,0,0,0,0,0
0,0,0,0,0,0,0,0,11,1,0,0,0,819.599,200.451,40.97995,0,0,0,25.489,24.531,12.7445,0,0,0,0,0,0
0,0,0,0,0,0,0,0,7,2,0,0,0,611.106,358.535,122.2212,0,0,0,0,0,0,0,0,0,0,0,0
0,0,0,0,0,0,0,0,8,2,0,0,0,544.731,181.059,108.9462,0,0,0,0,0,0,0,0,0,0,0,0
0,0,0,0,0,0,0,0,15,4,0,0,0,0,0,0,66.543025,17.523969,11.09050417,37.822262,16.212568,6.303710333,0,0,0,0,0,0
0,0,0,0,0,0,0,0,10,6,0,0,1,0,0,0,0,0,0,116.346,26.507,9.6955,0,0,0,7.893,7.893,7.893
0,0,0,0,0,0,0,0,5,7,0,0,0,0,0,0,0,0,0,0,0,0,0,0,0,0,0,0
0,0,0,0,0,0,0,0,18,4,0,0,0,0,0,0,0,0,0,0,0,0,0,0,0,0,0,0
0,0,0,0,0,0,0,2,8,4,0,0,1,243.626278,243.626278,243.626278,0,0,0,0,0,0,0,0,0,72.288164,72.288164,72.288164
0,0,0,0,0,0,0,0,11,4,0,0,0,0,0,0,0,0,0,151.566754,48.613795,30.3133508,0,0,0,0,0,0
0,0,0,0,0,0,0,0,16,3,0,5,0,0,0,0,70.876392,70.876392,70.876392,0,0,0,105.684834,49.669798,21.1369668,0,0,0
0,0,0,0,0,0,0,0,10,8,0,0,0,69.444,69.444,69.444,1.603,1.603,1.603,8.207,8.207,8.207,0,0,0,0,0,0
0,0,0,0,0,0,0,0,8,5,0,0,0,224.179192,90.035233,24.90879911,89.879081,89.879081,75.09486667,16.334033,8.262403,5.444677667,0,0,0,0,0,0
0,0,1,0,0,0,0,0,13,6,0,2,1,14.121,8.557,4.707,0,0,0,89.182,21.838,11.14775,9.134,7.623,4.567,4.021,4.021,4.021
8,0,17,0,0,0,0,0,18,1,0,9,0,27.086433,13.962382,13.5432165,0,0,0,0,0,0,167.271924,58.127816,18.58576933,0,0,0
0,0,0,0,0,0,0,0,6,5,0,0,0,0,0,0,166.806,71.455,33.3612,22.384,20.956,11.192,0,0,0,0,0,0
0,0,0,0,0,0,0,0,16,4,0,0,3,0,0,0,0,0,0,0,0,0,0,0,0,70.588,60.721,23.52933333
0,0,0,0,0,0,0,0,13,6,0,0,0,0,0,0,0,0,0,0,0,0,0,0,0,0,0,0
3,0,0,0,0,0,0,0,18,3,0,0,0,0,0,0,0,0,0,0,0,0,0,0,0,0,0,0
0,0,0,0,0,0,0,1,10,2,0,0,6,268.052145,198.08776,134.0260725,0,0,0,0,0,0,0,0,0,170.722217,91.900976,28.45370283
0,0,0,2,0,0,2,9,23,5,0,0,16,0,0,0,0,0,0,0,0,0,0,0,0,264.346,59.346,16.521625
0,0,0,0,0,0,0,0,24,4,0,0,5,0,0,0,0,0,0,36.932898,23.208834,18.466449,0,0,0,39.721169,11.523602,7.9442338
0,0,0,0,0,0,0,0,10,3,0,0,0,0,0,0,0,0,0,368.418,68.053,28.33984615,0,0,0,0,0,0
0,0,0,0,0,0,0,0,10,2,0,0,0,370.024006,164.085548,92.5060015,0,0,0,0,0,0,0,0,0,0,0,0
0,0,0,0,0,0,0,0,10,5,0,0,0,261.562916,57.720593,29.06254622,11.337068,9.767351,5.668534,0,0,0,0,0,0,0,0,0
0,0,0,0,0,0,0,0,6,3,0,0,0,143.918004,141.611146,71.959002,0,0,0,0,0,0,0,0,0,0,0,0
0,0,0,0,0,0,0,0,13,4,0,0,0,95.509,43.177,19.1018,11.735,11.735,11.735,87.453,32.121,17.4906,0,0,0,0,0,0
0,0,0,0,0,0,0,7,10,6,0,0,4,0,0,0,0,0,0,0,0,0,0,0,0,175.18,76.295,43.795
5,6,10,0,0,0,0,0,25,1,0,4,0,0,0,0,20.649226,11.346416,5.1623065,0,0,0,240.494417,107.404529,52.64037031,0,0,0
0,0,0,0,0,0,0,0,9,9,0,0,0,0,0,0,125.49,62.217,20.915,6.634,6.634,6.634,0,0,0,0,0,0
0,0,0,0,0,0,0,2,14,3,0,0,4,291.945,73.272,24.32875,10.768,3.685,3.589333333,0,0,0,0,0,0,55.738,44.612,13.9345
0,0,0,0,0,0,0,0,11,4,32.31662,0,0,0,0,0,0,0,0,31.307683,19.493251,10.43589433,0,0,0,0,0,0
0,0,0,0,0,0,0,0,7,4,0,0,0,113.827389,113.827389,113.827389,0,0,0,71.211048,45.856836,35.605524,0,0,0,0,0,0
0,0,0,0,0,0,0,0,11,4,0,1,0,0,0,0,55.358,55.358,55.358,69.968,42.551,13.9936,4.826,4.826,4.826,0,0,0
0,0,0,0,0,0,0,0,8,5,0,0,0,0,0,0,80.454,21.995,8.939333333,0,0,0,0,0,0,0,0,0
0,0,0,0,0,0,0,0,11,5,0,0,1,0,0,0,0,0,0,0,0,0,0,0,0,18.175,18.175,18.175
0,0,0,0,0,0,0,0,12,7,0,0,0,128.231578,56.494069,42.74385933,0,0,0,16.792952,8.696177,8.396476,0,0,0,0,0,0
0,0,0,0,0,0,0,0,11,2,0,0,0,0,0,0,0,0,0,0,0,0,0,0,0,0,0,0
0,0,0,0,0,0,0,0,10,4,0,0,0,496.007,224.887,70.85814286,0,0,0,0,0,0,0,0,0,0,0,0
0,0,0,0,0,0,0,0,9,4,0,0,1,380.137232,91.992813,25.34248213,0,0,0,0.304295,0.304295,0.304295,0,0,0,9.629556,9.629556,9.629556
0,0,0,0,0,0,0,0,10,5,0,0,0,0,0,0,2.638,2.638,2.638,70.748,34.792,23.58266667,0,0,0,0,0,0
0,0,0,0,0,0,0,0,8,3,0,0,0,679.808,323.523,113.3013333,76.253,52.788,38.1265,0,0,0,0,0,0,0,0,0
0,0,0,0,0,0,0,0,3,3,0,0,0,0,0,0,566.6173955,183.930981,75.09486667,0,0,0,0,0,0,0,0,0
0,0,0,0,0,0,0,0,11,6,0,7,0,58.372735,27.661051,19.45757833,0,0,0,0,0,0,66.119717,14.849253,9.445673857,0,0,0
0,0,0,0,0,0,0,0,8,6,0,0,0,0,0,0,0,0,0,101.536736,25.404534,8.461394667,0,0,0,0,0,0
0,0,0,0,0,0,0,0,8,4,0,0,0,282.030689,156.384998,94.01022967,0,0,0,7.802504,7.802504,7.802504,0,0,0,0,0,0
0,0,0,0,0,0,0,0,15,7,0,0,2,0,0,0,0,0,0,0,0,0,0,0,0,69.750431,58.746761,34.8752155
0,0,0,2,2,0,0,0,13,3,0,0,2,0,0,0,0,0,0,0,0,0,0,0,0,480.508,258.426,112.5132732
0,0,0,0,0,0,0,0,8,5,0,0,0,0,0,0,0,0,0,187.645,115.229,62.54833333,0,0,0,0,0,0
0,0,0,3,2,1,0,0,13,9,0,0,0,0,0,0,0,0,0,0,0,0,0,0,0,0,0,0
0,0,0,0,0,0,0,0,6,6,0,0,0,0,0,0,0,0,0,0,0,0,0,0,0,0,0,0
0,0,0,0,0,0,0,0,17,3,0,0,0,77.632,40.488,38.816,0,0,0,249.286,157.0564973,31.16075,0,0,0,0,0,0
0,0,0,0,0,0,2,3,10,4,0,0,4,0,0,0,106.006,63.246,53.003,0,0,0,0,0,0,194.852,78.37,48.713
0,0,0,0,0,0,0,0,9,3,0,0,0,0,0,0,49.358709,35.117807,24.6793545,0,0,0,0,0,0,0,0,0
0,0,0,0,0,0,0,0,7,2,0,0,0,156.659014,156.659014,156.659014,259.445748,118.852185,28.82730533,0,0,0,0,0,0,0,0,0
0,0,0,1,0,0,0,1,18,3,0,0,1,0,0,0,0,0,0,16.641,9.359,8.3205,0,0,0,6.07,6.07,6.07
0,0,0,0,0,0,0,6,10,1,0,0,5,0,0,0,0,0,0,0,0,0,0,0,0,896.83126,290.59266,112.5132732
0,0,0,0,0,0,0,0,9,4,0,0,0,435.335,108.65,33.48730769,3.339,3.339,3.339,0,0,0,0,0,0,0,0,0
0,0,0,0,0,0,0,0,9,5,0,0,1,281.258,72.343,23.43816667,0,0,0,0,0,0,0,0,0,33.75,33.75,33.75
0,0,0,0,0,0,0,0,14,4,0,0,0,162.471,48.19,20.308875,0,0,0,43.364,25.612,14.45466667,0,0,0,0,0,0
0,0,0,0,0,0,0,0,15,3,0,0,0,0,0,0,66.872,11.141,2.572,47.063,7.677,3.361642857,0,0,0,0,0,0
0,0,0,0,0,0,0,0,6,5,0,0,0,262.239,262.239,262.239,0,0,0,0,0,0,0,0,0,0,0,0
0,0,0,0,0,0,0,0,7,9,0,0,0,128.117632,106.452265,42.70587733,0,0,0,0,0,0,0,0,0,0,0,0
0,0,0,1,1,0,0,0,12,4,0,0,7,0,0,0,0,0,0,0,0,0,0,0,0,745.783,281.849,106.5404286
0,0,0,0,0,0,0,0,6,5,0,0,0,396.09332,179.281381,66.01555333,0,0,0,0,0,0,0,0,0,0,0,0
0,0,0,0,0,0,0,0,6,5,0,0,0,312.403951,136.645752,62.4807902,0,0,0,0,0,0,0,0,0,0,0,0
0,0,0,0,0,0,0,0,8,6,0,0,0,0,0,0,0,0,0,193.856,115.615,32.30933333,0,0,0,0,0,0
0,0,0,3,1,2,0,0,12,8,0,0,8,0,0,0,0,0,0,0,0,0,0,0,0,70.475632,28.67999,8.809454
0,0,0,0,0,0,0,0,7,4,0,0,0,325.457517,264.033959,162.7287585,0,0,0,0,0,0,0,0,0,0,0,0
0,0,0,0,0,0,0,0,11,2,0,0,0,686.576,628.538,228.8586667,8.456,8.456,8.456,0,0,0,0,0,0,0,0,0
0,0,0,0,0,0,0,0,6,4,0,0,0,377.454,201.34,75.4908,0,0,0,0,0,0,0,0,0,0,0,0
0,0,0,0,0,0,0,0,14,5,0,0,0,0,0,0,0,0,0,59.662,46.38,29.831,0,0,0,0,0,0
0,0,0,0,0,0,0,0,12,11,0,0,0,0,0,0,160.179667,59.31369,12.32151285,2.600576,2.600576,2.600576,0,0,0,0,0,0
0,0,0,2,1,1,0,0,12,5,18.807,0,1,0,0,0,0,0,0,0,0,0,0,0,0,62.874,62.874,62.874
0,0,0,2,0,1,0,2,11,11,0,0,6,0,0,0,30.756377,16.675928,7.68909425,0,0,0,0,0,0,105.568681,49.999089,17.59478017
0,0,0,1,1,0,0,0,15,9,0,0,1,0,0,0,3.707245,1.204619,0.92681125,0,0,0,0,0,0,55.696258,55.696258,55.696258
0,0,0,0,0,0,0,0,8,3,0,0,0,414.019,222.234,103.50475,4.564,4.564,4.564,0,0,0,0,0,0,0,0,0
0,0,0,0,0,0,0,0,4,4,0,0,0,0,0,0,0,0,0,0,0,0,0,0,0,0,0,0
0,0,0,0,0,0,0,0,16,6,0,0,3,0,0,0,0,0,0,0,0,0,0,0,0,50.23998,41.577366,16.74666
0,0,0,0,0,0,0,0,8,4,0,0,0,282.030689,156.384998,94.01022967,0,0,0,7.802504,7.802504,7.802504,0,0,0,0,0,0
0,0,0,0,0,0,0,0,14,3,0,0,3,0,0,0,0,0,0,86.160164,86.160164,65.54033008,0,0,0,12.04327,4.580877,4.014423333
0,0,0,2,0,2,0,0,14,7,0,0,0,0,0,0,0,0,0,0,0,0,0,0,0,0,0,0
0,0,0,0,0,0,0,0,13,5,0,0,0,0,0,0,0,0,0,15.876238,4.539999,2.646039667,0,0,0,0,0,0
0,0,0,0,0,0,0,0,11,4,0,0,1,8.742,8.742,8.742,8.12,8.12,8.12,0,0,0,0,0,0,161.374,161.374,112.5132732
1,0,0,3,1,2,0,0,14,11,0,0,1,0,0,0,0,0,0,0,0,0,0,0,0,3.318,3.318,3.318
5,1,5,4,0,3,0,0,23,2,0,3,3,0,0,0,0,0,0,0,0,0,114.355,60.625,38.11833333,87.259,62.445,29.08633333
0,0,0,6,0,1,0,0,8,6,0,0,4,0,0,0,0,0,0,0,0,0,0,0,0,261.699925,169.459624,65.42498125
0,0,0,0,0,0,0,0,7,2,0,0,0,0,0,0,0,0,0,0,0,0,0,0,0,0,0,0
0,0,0,0,0,0,0,0,6,15,0,0,0,186.563,51.565,23.320375,0,0,0,0,0,0,0,0,0,0,0,0
0,0,0,0,0,0,0,0,13,3,0,0,0,161.854038,74.965968,32.3708076,33.246562,13.252095,8.3116405,93.329874,32.626578,8.484534,0,0,0,0,0,0
0,0,0,0,0,0,0,0,22,2,0,1,1,478.387,109.82,22.78033333,386.266,74.132,15.45064,22.163,9.037,5.54075,0.913,0.913,0.913,3.427,3.427,3.427
0,0,0,0,0,0,0,0,9,4,0,0,0,0,0,0,54.59453,44.919277,18.19817667,47.389226,38.407787,15.79640867,0,0,0,0,0,0
0,0,0,0,0,0,0,0,9,3,0,0,6,229.101,102.154,76.367,0,0,0,32.458,18.671,16.229,0,0,0,182.637,67.329,30.4395
1,0,0,1,0,1,0,0,13,4,0,0,5,32.430885,32.430885,32.430885,38.188333,38.188333,38.188333,62.742714,62.742714,62.742714,0,0,0,54.001222,23.286441,10.8002444
0,0,0,0,0,0,0,0,8,6,0,0,0,0,0,0,0,0,0,122.21418,55.99442,17.45916857,0,0,0,0,0,0
0,0,0,0,0,0,0,0,6,10,0,0,0,0,0,0,0,0,0,0,0,0,0,0,0,0,0,0
1,0,2,0,0,0,0,2,16,2,0,1,10,0,0,0,82.385,51.898,41.1925,0,0,0,46.02,46.02,46.02,499.996,136.863,49.9996
0,0,0,0,0,0,0,0,19,2,0,0,0,0,0,0,30.221,16.576,10.07366667,11.624,11.624,11.624,0,0,0,0,0,0
0,0,0,0,0,0,0,0,9,3,0,0,0,246.257379,127.596372,61.56434475,0,0,0,18.549978,18.549978,18.549978,0,0,0,0,0,0
0,0,0,2,0,0,0,0,12,4,0,0,0,183.387,63.48,36.6774,64.367,64.367,64.367,0,0,0,0,0,0,0,0,0
0,0,0,0,0,0,0,0,2,9,0,0,0,0,0,0,0,0,0,0,0,0,0,0,0,0,0,0
0,0,0,0,0,0,1,3,7,6,0,0,9,115.474885,75.337945,28.86872125,0,0,0,0,0,0,0,0,0,293.853745,163.35951,32.65041611
0,0,0,0,0,0,0,0,14,2,0,0,0,275.419194,104.431905,68.8547985,2.672483,2.672483,2.672483,52.219388,33.056392,26.109694,0,0,0,0,0,0
0,0,0,0,0,0,0,0,5,9,0,0,0,227.977663,82.037898,25.33085144,0,0,0,0,0,0,0,0,0,0,0,0
0,0,0,6,2,1,0,0,15,3,0,0,5,55.199,55.199,55.199,0,0,0,0,0,0,0,0,0,62.672,16.57,12.5344
0,0,0,0,0,0,0,0,7,5,0,0,0,372.857,119.166,74.5714,1.379,1.379,1.379,0,0,0,0,0,0,0,0,0
0,0,0,0,0,0,0,0,11,4,32.31662,0,0,12.193025,12.193025,12.193025,0,0,0,22.578487,22.578487,22.578487,0,0,0,0,0,0
0,0,0,0,0,0,0,0,23,3,0,0,0,0,0,0,212.78,44.042,16.36769231,182.658,33.575,7.30632,0,0,0,0,0,0
0,0,0,0,0,0,0,6,10,1,0,0,5,0,0,0,0,0,0,0,0,0,0,0,0,896.83126,290.59266,112.5132732
0,0,0,2,1,1,0,0,23,5,0,0,2,10.736,6.134,5.368,13.2,13.2,13.2,63.904,22.438,4.564571429,0,0,0,44.703,23.837,22.3515
0,0,0,0,0,0,0,0,7,4,0,0,0,217.013981,146.86382,54.25349525,0,0,0,11.740308,9.431594,5.870154,0,0,0,0,0,0
0,0,0,0,0,0,0,0,2,7,0,0,0,146.091313,106.684489,36.52282825,0,0,0,0,0,0,0,0,0,0,0,0
0,0,0,0,0,0,0,0,11,5,0,0,0,262.129,71.719,20.16376923,0,0,0,0,0,0,0,0,0,0,0,0
0,0,0,0,0,0,0,0,7,5,0,0,0,1.108443,1.108443,1.108443,116.433539,43.90458,16.63336271,0,0,0,0,0,0,0,0,0
0,0,0,0,0,0,0,0,5,2,0,0,0,700.68,663.709,302.0928378,0,0,0,0,0,0,0,0,0,0,0,0
3,1,0,2,0,2,0,0,18,2,0,0,6,81.269,81.269,81.269,0,0,0,0,0,0,0,0,0,285.425,105.828,47.57083333
0,0,0,0,0,0,0,0,9,3,0,0,0,7.539,7.539,7.539,0,0,0,0,0,0,0,0,0,0,0,0
0,0,0,0,0,0,0,0,17,4,0,0,6,19.932462,14.997537,9.966231,0,0,0,0,0,0,0,0,0,137.096538,41.096597,22.849423
0,0,0,1,0,1,0,0,9,5,0,0,0,0,0,0,0,0,0,0,0,0,0,0,0,0,0,0
0,0,0,0,0,0,0,0,6,5,0,0,0,248.206111,154.089217,49.6412222,0,0,0,0,0,0,0,0,0,0,0,0
1,0,0,0,0,0,0,0,10,3,0,0,0,114.402,45.924,12.71133333,0,0,0,0,0,0,0,0,0,0,0,0
0,0,0,0,0,0,0,0,16,2,0,4,2,0,0,0,2.29,2.29,2.29,122.852,44.624,12.2852,77.492,36.191,19.373,117.322,91.367,58.661
0,0,0,0,0,0,0,0,7,7,0,0,0,156.930343,57.087948,31.3860686,0,0,0,0,0,0,0,0,0,0,0,0
0,0,0,0,0,0,0,0,10,3,0,0,0,0,0,0,0,0,0,0,0,0,0,0,0,0,0,0
0,0,0,0,0,0,0,0,10,4,0,0,0,126.071,85.325,25.2142,0,0,0,0,0,0,0,0,0,0,0,0
0,0,0,0,0,0,0,0,8,3,0,0,0,160.05493,160.05493,160.05493,167.826591,167.826591,75.09486667,0,0,0,0,0,0,0,0,0
0,0,0,0,0,0,2,3,11,4,0,0,7,0,0,0,0,0,0,0,0,0,0,0,0,406.555591,134.662819,58.07937014
0,0,0,0,0,0,0,0,10,2,0,0,0,0,0,0,16.723,15.963,8.3615,114.316,30.665,12.70177778,0,0,0,0,0,0
7,0,0,0,0,0,0,0,17,7,0,0,0,6.383912,4.205797,3.191956,0,0,0,0,0,0,0,0,0,0,0,0
0,0,0,0,0,0,0,0,9,7,0,0,0,6.119978,6.119978,6.119978,0,0,0,18.783622,16.918483,9.391811,0,0,0,0,0,0
0,0,0,5,1,0,0,0,9,8,0,0,7,0,0,0,0,0,0,0,0,0,0,0,0,103.055775,35.838871,14.72225357
0,0,0,0,0,0,0,1,10,5,0,0,3,0,0,0,0,0,0,84.613926,33.425635,12.08770371,0,0,0,43.777778,23.647244,14.59259267
0,0,0,0,0,0,0,2,16,3,0,0,4,202.001882,135.2079,67.33396067,8.154479,8.154479,8.154479,0,0,0,0,0,0,77.894368,28.344229,19.473592
0,0,0,0,0,0,0,0,17,3,0,0,0,0,0,0,4.220001,4.220001,4.220001,0,0,0,0,0,0,0,0,0
0,0,0,0,0,0,0,0,9,3,0,0,0,931.88,754.5265923,302.0928378,0,0,0,2.65,2.65,2.65,0,0,0,0,0,0
0,0,0,0,0,0,0,0,11,4,32.31662,0,0,0,0,0,0,0,0,31.307683,19.493251,10.43589433,0,0,0,0,0,0
0,0,0,0,0,0,0,0,11,9,0,0,0,42.188,28.559,14.06266667,0,0,0,0,0,0,0,0,0,0,0,0
0,0,0,0,0,0,0,0,15,4,0,0,0,157.607,69.549449,31.5214,0,0,0,0,0,0,0,0,0,0,0,0
0,0,0,0,0,0,0,0,13,1,0,0,0,1050.615,754.5265923,302.0928378,0,0,0,0,0,0,0,0,0,0,0,0
0,0,0,0,0,0,0,0,9,5,0,0,0,173.573423,140.0778,86.7867115,0,0,0,0,0,0,0,0,0,0,0,0
0,0,0,0,0,0,0,0,10,5,0,0,0,181.17774,60.412814,30.19629,4.563488,4.563488,4.563488,62.812708,50.727021,20.93756933,0,0,0,0,0,0
0,0,0,2,1,1,0,0,12,5,18.807,0,1,0,0,0,0,0,0,0,0,0,0,0,0,62.874,62.874,62.874
0,0,0,0,0,0,0,0,14,4,0,0,0,0,0,0,0,0,0,113.266329,27.69372,11.3266329,0,0,0,0,0,0
0,0,0,0,0,0,0,0,10,3,0,0,0,395.329507,222.846641,56.47564386,0,0,0,0,0,0,0,0,0,0,0,0
1,0,0,6,0,1,0,0,16,4,0,0,5,25.973,25.973,25.973,50.379,21.371,10.0758,44.581,44.581,44.581,0,0,0,5.445,1.809,1.089
0,0,0,0,0,0,0,0,11,5,0,0,0,48.493891,47.610433,24.2469455,27.191879,18.50488,9.063959667,17.85179,10.611727,8.925895,0,0,0,0,0,0
0,0,0,0,0,0,0,0,6,2,0,0,0,825.464,609.396,302.0928378,0,0,0,0,0,0,0,0,0,0,0,0
5,0,0,6,0,3,0,3,22,2,0,0,2,485.021837,420.382476,97.0043674,0,0,0,129.182551,85.469364,32.29563775,0,0,0,52.525216,26.606354,26.262608
0,0,0,0,0,0,0,0,14,3,0,0,0,201.352,70.517,16.77933333,0,0,0,21.317,21.317,21.317,0,0,0,0,0,0
0,0,0,0,0,0,0,0,14,3,0,0,3,0,0,0,0,0,0,86.160164,86.160164,65.54033008,0,0,0,12.04327,4.580877,4.014423333
0,0,0,0,0,0,0,0,6,3,0,0,2,447.011085,114.936842,74.5018475,0,0,0,0,0,0,0,0,0,125.879486,93.772568,62.939743
1,0,0,0,0,0,0,0,27,6,0,0,0,0,0,0,1.706,1.706,1.706,0,0,0,0,0,0,0,0,0
0,0,0,1,0,1,0,0,12,5,0,0,3,0,0,0,0,0,0,0,0,0,0,0,0,475.675,290.59266,112.5132732
0,0,0,0,0,0,0,1,13,2,0,0,22,0,0,0,0,0,0,0,0,0,0,0,0,612.62602,169.576139,27.84663727
0,0,0,0,0,0,0,0,8,2,0,0,0,702.219,359.356,302.0928378,0,0,0,0,0,0,0,0,0,0,0,0
0,0,0,0,0,0,0,0,16,6,0,0,0,324.313,246.015,162.1565,0,0,0,0,0,0,0,0,0,0,0,0
0,0,0,0,0,0,0,0,12,2,0,0,0,41.983,41.983,41.983,38.439,38.439,38.439,0,0,0,0,0,0,0,0,0
0,0,0,0,0,0,0,0,6,2,0,0,0,405.209205,168.135688,45.023245,0,0,0,0,0,0,0,0,0,0,0,0
0,0,0,0,0,0,0,0,10,4,0,0,0,23.851781,23.851781,23.851781,0,0,0,0,0,0,0,0,0,0,0,0
0,0,0,0,0,0,0,0,14,3,0,0,1,208.316982,140.411908,69.438994,6.179937,2.529635,2.059979,0,0,0,0,0,0,44.834865,44.834865,44.834865
0,0,0,0,0,0,0,0,9,3,0,0,0,931.88,754.5265923,302.0928378,0,0,0,2.65,2.65,2.65,0,0,0,0,0,0
0,0,0,4,0,2,0,0,11,7,0,0,3,0,0,0,0,0,0,0,0,0,0,0,0,70.623,48.868,23.541
0,0,0,0,0,0,0,0,8,3,0,0,0,404.865,225.791,57.83785714,0,0,0,0,0,0,0,0,0,0,0,0
4,4,0,0,0,0,0,0,16,6,0,5,0,0,0,0,0,0,0,0,0,0,58.617601,21.611952,11.7235202,0,0,0
0,0,0,0,0,0,0,0,6,5,0,0,0,253.932227,180.662968,63.48305675,0,0,0,0,0,0,0,0,0,0,0,0
0,0,3,0,0,0,0,0,6,4,0,7,0,0,0,0,0,0,0,0,0,0,76.741,21.44,10.963,0,0,0
0,0,2,0,0,0,0,0,8,3,0,6,0,0,0,0,0,0,0,0,0,0,114.8055,34.014278,19.13425,0,0,0
0,0,0,0,0,0,0,0,9,3,0,0,0,440.018,269.528,110.0045,0,0,0,0,0,0,0,0,0,0,0,0
1,0,0,3,1,2,0,4,20,5,0,0,3,87.600259,40.948408,21.90006475,0,0,0,0,0,0,0,0,0,38.290748,24.372486,12.76358267
0,0,0,0,0,0,0,0,9,1,0,0,0,1219.780408,568.666707,81.31869387,0,0,0,72.795033,37.383692,36.3975165,0,0,0,0,0,0
0,0,0,0,0,0,0,0,8,4,0,0,1,0,0,0,119.941027,109.255143,59.9705135,0,0,0,0,0,0,54.146135,54.146135,54.146135
0,0,0,0,0,0,0,0,24,2,0,1,2,0,0,0,44.896,16.958,8.9792,317.281,39.199,8.3495,1.104,1.104,1.104,35.297,33.175,17.6485
0,0,0,0,0,0,0,1,13,2,0,0,22,0,0,0,0,0,0,0,0,0,0,0,0,612.62602,169.576139,27.84663727
0,0,0,0,0,0,0,0,5,4,0,0,0,0,0,0,45.798,39.625,22.899,0,0,0,0,0,0,0,0,0
0,0,0,0,0,0,0,0,11,3,0,0,14,0,0,0,0,0,0,0,0,0,0,0,0,167.533,46.1,11.96664286
0,0,0,0,0,0,0,0,7,4,0,0,6,0,0,0,0,0,0,0,0,0,0,0,0,453.854,290.59266,75.64233333
0,0,6,0,0,0,0,0,19,1,0,11,0,23.272,23.272,23.272,9.202,5.002,4.601,54.54,32.768,6.06,29.732,5.914,2.702909091,0,0,0
0,0,0,0,0,0,0,0,7,4,9.047,0,0,411.451,260.434,102.86275,0,0,0,0,0,0,0,0,0,0,0,0
0,0,0,0,0,0,0,0,9,4,0,0,0,493.021052,261.430897,82.17017533,0,0,0,0,0,0,0,0,0,0,0,0
1,0,0,4,2,1,0,0,15,6,0,0,5,0,0,0,0,0,0,0,0,0,0,0,0,64.878665,39.590803,12.975733
0,0,0,0,0,0,0,0,12,3,0,0,0,282.714047,137.953308,94.23801567,0,0,0,48.999993,44.998145,24.4999965,0,0,0,0,0,0
3,0,2,1,1,0,0,0,18,5,0,4,1,70.177,66.305,35.0885,0,0,0,0,0,0,38.199,19.404,9.54975,0.76,0.76,0.76
0,0,0,0,0,0,0,0,15,3,0,0,0,138.123,52.466,34.53075,155.965,75.602,25.99416667,48.508,29.687,9.7016,0,0,0,0,0,0
0,0,0,0,0,0,0,1,10,5,0,0,3,0,0,0,0,0,0,84.613926,33.425635,12.08770371,0,0,0,43.777778,23.647244,14.59259267
0,0,0,0,0,0,0,0,10,6,0,0,0,49.163696,45.736868,24.581848,0,0,0,0,0,0,0,0,0,0,0,0
1,0,0,0,0,0,0,0,16,4,0,0,0,0,0,0,0,0,0,37.571,20.046,12.52366667,0,0,0,0,0,0
0,0,0,0,0,0,0,0,10,2,0,1,0,0,0,0,471.344957,180.401407,22.44499795,0,0,0,16.811305,16.811305,16.811305,0,0,0
0,0,0,0,0,0,0,0,13,4,6.434,0,0,141.667,117.487,70.8335,19.663,9.082,4.91575,0,0,0,0,0,0,0,0,0
1,0,0,1,0,1,0,0,14,6,0,0,0,0,0,0,0,0,0,0,0,0,0,0,0,0,0,0
0,0,0,0,0,0,0,0,8,2,0,0,0,633.298,214.983,105.5496667,66.109,66.109,66.109,0,0,0,0,0,0,0,0,0
0,0,0,0,0,0,0,0,18,2,0,2,0,77.669,63.475,38.8345,59.965,28.524,19.98833333,144.07,56.923,24.01166667,35.792,19.246,17.896,0,0,0
0,0,0,0,0,0,0,0,13,5,0,0,0,137.024,80.027,45.67466667,0,0,0,0,0,0,0,0,0,0,0,0
0,0,0,0,0,0,0,0,12,2,10.927,0,0,622.499,426.307,124.4998,0,0,0,0,0,0,0,0,0,0,0,0
0,0,0,0,0,0,0,0,10,5,0,0,0,18.747528,18.747528,18.747528,0,0,0,157.661501,42.842746,26.27691683,0,0,0,0,0,0
0,0,0,0,0,0,0,1,17,5,0,0,3,50.924049,26.136486,16.974683,12.462008,12.462008,12.462008,41.362747,22.286354,13.78758233,0,0,0,85.534994,55.727571,28.51166467
1,0,0,0,0,0,0,0,18,5,26.494177,0,0,38.077454,21.689676,9.5193635,18.267885,8.282106,4.56697125,0,0,0,0,0,0,0,0,0
0,0,0,0,0,0,0,0,5,2,0,0,0,1107.689,754.5265923,302.0928378,0,0,0,0,0,0,0,0,0,0,0,0
0,0,15,0,0,0,0,0,11,1,0,13,0,0,0,0,86.917,86.917,75.09486667,65.004,26.78,10.834,183.706,130.893,14.13123077,0,0,0
0,0,0,0,0,0,0,0,13,5,0,0,0,41.139,24.109,20.5695,33.015,10.749,6.603,0,0,0,0,0,0,0,0,0
0,0,0,0,0,0,0,1,14,4,0,2,1,41.14421,18.733297,13.71473667,44.292252,14.518583,7.382042,0,0,0,3.149899,2.337474,1.5749495,15.623493,15.623493,15.623493
0,0,0,0,0,0,0,0,10,11,0,0,0,108.89,54.62,9.074166667,0,0,0,19.571,7.869,6.523666667,0,0,0,0,0,0
0,0,0,0,0,0,0,0,8,3,0,0,0,541.759,201.497,67.719875,0,0,0,0,0,0,0,0,0,0,0,0
0,0,0,0,0,0,0,0,9,5,0,0,0,238.024615,213.575893,79.34153833,0,0,0,0,0,0,0,0,0,0,0,0
0,0,0,0,0,0,0,2,8,4,0,0,4,31.459946,31.459946,31.459946,0,0,0,95.672453,77.948779,47.8362265,0,0,0,50.298413,22.406077,12.57460325
0,0,0,0,0,0,0,0,7,2,0,0,0,635.635955,267.871734,158.9089888,0,0,0,0,0,0,0,0,0,0,0,0
0,0,0,0,0,0,0,0,11,4,0,0,0,0,0,0,95.329577,40.394181,19.0659154,5.007375,5.007375,5.007375,0,0,0,0,0,0
0,0,0,0,0,0,0,0,9,5,0,0,0,0,0,0,0,0,0,19.327567,19.327567,19.327567,0,0,0,0,0,0
0,0,0,0,0,0,0,0,10,3,0,0,0,326.584,153.163,54.43066667,15.086,9.564,7.543,0,0,0,0,0,0,0,0,0
0,0,0,0,0,0,0,0,6,3,0,0,0,444.146858,205.615561,88.8293716,0,0,0,0,0,0,0,0,0,0,0,0
0,0,0,0,0,0,0,0,16,4,0,0,0,43.854,31.163,21.927,38.784,31.077,19.392,0,0,0,0,0,0,0,0,0
4,0,0,2,1,1,0,2,20,8,0,2,2,0,0,0,0,0,0,0,0,0,23.117359,11.947494,11.5586795,15.397853,8.877418,7.6989265
1,0,0,0,0,0,0,0,10,10,0,0,13,0,0,0,0,0,0,0,0,0,0,0,0,138.828619,24.775728,10.67912454
1,0,0,0,0,0,0,0,8,2,0,0,0,563.556,273.461,140.889,0,0,0,0,0,0,0,0,0,0,0,0
0,0,0,0,0,0,0,0,22,2,0,0,4,0,0,0,0,0,0,0,0,0,0,0,0,732.705,290.59266,112.5132732
1,0,0,0,0,0,0,0,21,3,0,1,5,0,0,0,0,0,0,52.83,20.398,8.805,1.167,1.167,1.167,114.887,59.098,22.9774
8,6,3,0,0,0,0,0,23,4,0,2,0,0,0,0,0,0,0,0,0,0,61.721622,36.084009,30.860811,0,0,0
0,0,0,0,0,0,0,0,9,3,0,0,0,7.539,7.539,7.539,0,0,0,0,0,0,0,0,0,0,0,0
4,0,0,6,2,3,0,0,16,5,0,0,1,44.976,27.999,14.992,12.473,12.473,12.473,0,0,0,0,0,0,30.865,30.865,30.865
2,0,0,4,0,2,2,5,17,9,0,0,17,0,0,0,0,0,0,0,0,0,0,0,0,197.321224,40.098972,11.60713082
0,0,0,0,0,0,0,1,8,3,0,0,5,0,0,0,0,0,0,0,0,0,0,0,0,617.707548,251.733342,112.5132732
0,0,2,0,0,0,0,0,12,4,0,3,0,0,0,0,0,0,0,59.796,13.194,6.644,33.388,22.654,11.12933333,0,0,0
1,0,0,0,0,0,0,0,6,4,0,0,0,365.171,365.171,302.0928378,0,0,0,0,0,0,0,0,0,0,0,0
4,0,0,0,0,0,0,0,17,3,0,0,2,0,0,0,0,0,0,147.735442,54.237896,24.62257367,0,0,0,8.639136,7.451349,4.319568
0,0,0,0,0,0,0,0,7,1,0,0,0,462.169,462.169,302.0928378,0,0,0,0,0,0,0,0,0,0,0,0
0,0,0,0,0,0,0,0,11,3,0,0,0,0,0,0,130.280761,98.733211,43.42692033,0,0,0,0,0,0,0,0,0
0,0,0,0,0,0,0,5,4,4,0,0,3,549.116035,184.139194,54.9116035,0,0,0,0,0,0,0,0,0,220.044095,143.818986,73.34803167
6,1,0,0,0,0,0,0,14,5,0,0,0,0,0,0,0,0,0,0,0,0,0,0,0,0,0,0
0,0,0,0,0,0,0,0,17,3,0,0,0,0,0,0,61.923156,40.394629,10.320526,85.089777,26.488194,10.63622213,0,0,0,0,0,0
0,0,0,0,0,0,0,0,6,2,0,0,0,372.750156,215.591103,62.125026,0,0,0,0,0,0,0,0,0,0,0,0
1,0,0,0,0,0,0,0,6,7,0,0,0,0,0,0,79.267433,20.915525,11.323919,0,0,0,0,0,0,0,0,0
0,0,0,0,0,0,0,0,15,3,0,3,0,0,0,0,0,0,0,7.531213,7.531213,7.531213,29.055323,13.224863,9.685107667,0,0,0
0,0,0,0,0,0,0,0,5,5,0,0,0,351.511509,300.374818,117.170503,0,0,0,0,0,0,0,0,0,0,0,0
0,0,0,0,0,0,0,0,6,6,0,0,0,87.793057,83.802998,43.8965285,87.193064,87.193064,75.09486667,0,0,0,0,0,0,0,0,0
1,0,0,0,0,0,0,0,12,5,0,0,1,10.149,10.149,10.149,0,0,0,0,0,0,0,0,0,12.938,12.938,12.938
0,0,0,0,0,0,0,0,14,3,0,0,0,19.02106,17.582556,9.51053,0,0,0,79.426612,51.000621,26.47553733,0,0,0,0,0,0
0,0,0,0,0,0,0,0,15,3,0,0,0,0,0,0,7.081267,7.081267,7.081267,56.056712,35.578491,28.028356,0,0,0,0,0,0
0,0,0,0,0,0,0,0,5,6,0,0,0,250.861885,202.449586,62.71547125,0,0,0,0,0,0,0,0,0,0,0,0
0,0,40,0,0,0,0,0,7,6,0,9,0,0,0,0,0,0,0,0,0,0,226.370949,65.808944,25.15232767,0,0,0
0,0,0,2,0,2,0,0,13,4,0,0,0,0,0,0,124.762,124.762,75.09486667,0,0,0,0,0,0,0,0,0
0,0,0,0,0,0,0,0,8,3,0,0,0,446.112,220.77,111.528,0,0,0,0,0,0,0,0,0,0,0,0
0,0,0,0,0,0,0,0,6,5,0,0,0,85.981218,71.466072,42.990609,0,0,0,0,0,0,0,0,0,0,0,0
0,0,0,0,0,0,0,0,9,7,0,0,0,0,0,0,0,0,0,0,0,0,0,0,0,0,0,0
0,0,0,0,0,0,0,0,10,5,0,0,0,62.05,62.05,62.05,0,0,0,0,0,0,0,0,0,0,0,0
0,0,0,0,0,0,0,0,10,4,0,0,0,93.543,93.543,93.543,0,0,0,135.339,74.674,45.113,0,0,0,0,0,0
1,0,0,0,0,0,0,0,8,4,0,0,0,0,0,0,198.951,74.959,49.73775,0,0,0,0,0,0,0,0,0
1,0,0,2,1,1,0,0,29,6,0,0,2,0,0,0,0,0,0,0,0,0,0,0,0,1.92958,1.319355,0.96479
0,0,0,0,0,0,0,0,9,11,0,0,0,113.883,63.288,18.9805,0,0,0,54.802,11.889,6.85025,0,0,0,0,0,0
0,0,2,0,0,0,0,0,15,3,0,6,0,113.499,103.412,37.833,7.094,7.094,7.094,54.893,32.385,27.4465,30.989,13.773,5.164833333,0,0,0
0,0,0,0,0,0,0,0,5,1,0,0,0,1828.731,754.5265923,302.0928378,0,0,0,0,0,0,0,0,0,0,0,0
0,0,0,0,0,0,0,0,12,5,5.067,0,0,9.836,9.836,9.836,22.087,22.087,22.087,10.912,5.391,2.728,0,0,0,0,0,0
0,0,0,0,0,0,0,0,14,3,0,0,14,0,0,0,10.49,10.49,10.49,11.044,7.75,5.522,0,0,0,214.801,35.498,15.34292857
0,0,2,0,0,0,0,0,13,2,0,6,0,0,0,0,0,0,0,0,0,0,110.845641,45.895072,18.4742735,0,0,0
0,0,0,0,0,0,0,0,20,4,0,0,0,0,0,0,14.202,14.202,14.202,0,0,0,0,0,0,0,0,0
0,0,0,0,0,0,0,0,7,6,0,0,0,34.111,34.111,34.111,0,0,0,0,0,0,0,0,0,0,0,0
0,0,0,0,0,0,0,0,7,5,0,0,0,313.021907,150.816418,44.71741529,0,0,0,0,0,0,0,0,0,0,0,0
0,0,0,0,0,0,0,0,10,4,0,0,0,0,0,0,0,0,0,0,0,0,0,0,0,0,0,0
0,0,0,0,0,0,0,0,13,4,0,0,2,0,0,0,0,0,0,0,0,0,0,0,0,23.988,17.025,11.994
0,0,0,0,0,0,0,0,17,1,0,1,0,377.461,221.176,94.36525,54.203,29.408,18.06766667,175.765,68.898,29.29416667,4.581,4.581,4.581,0,0,0
0,0,0,6,0,1,0,0,8,6,0,0,4,0,0,0,0,0,0,0,0,0,0,0,0,261.699925,169.459624,65.42498125
0,0,0,2,0,2,0,0,15,4,0,0,5,0,0,0,0,0,0,0,0,0,0,0,0,86.637,79.259,17.3274
0,0,0,0,0,0,0,0,6,7,0,0,0,158.834,63.119,26.47233333,0,0,0,0,0,0,0,0,0,0,0,0
0,0,0,0,0,0,0,0,6,4,0,0,0,530.997838,497.257581,106.1995676,0,0,0,0,0,0,0,0,0,0,0,0
0,0,0,0,0,0,0,0,20,4,0,0,0,0,0,0,14.202,14.202,14.202,0,0,0,0,0,0,0,0,0
0,0,0,0,0,0,0,4,11,2,0,0,3,471.853166,425.318979,117.9632915,0,0,0,0,0,0,0,0,0,139.036061,84.826315,46.34535367
0,0,0,0,0,0,0,0,10,7,0,0,0,0,0,0,71.175,31.654,10.16785714,0,0,0,0,0,0,0,0,0
0,0,0,0,0,0,0,0,13,2,0,0,0,374.126564,172.543152,46.7658205,0,0,0,22.668155,22.668155,22.668155,0,0,0,0,0,0
0,0,0,0,0,0,0,0,4,4,0,0,0,0,0,0,0,0,0,0,0,0,0,0,0,0,0,0
5,0,0,0,0,0,0,0,9,3,0,0,0,0,0,0,1.313653,1.313653,1.313653,59.897531,59.897531,59.897531,0,0,0,0,0,0
0,0,0,4,1,3,2,10,17,5,0,0,11,0,0,0,0,0,0,0,0,0,0,0,0,181.818,49.344,16.52890909
0,0,0,0,0,0,0,0,7,3,0,0,0,784.563,233.62,112.0804286,0,0,0,0,0,0,0,0,0,0,0,0
0,0,5,0,0,0,0,0,10,6,0,9,0,0,0,0,0,0,0,0,0,0,110.135,67.726,12.23722222,0,0,0
0,0,0,0,0,0,0,0,8,2,0,0,0,633.298,214.983,105.5496667,66.109,66.109,66.109,0,0,0,0,0,0,0,0,0
0,0,0,0,0,0,0,0,6,4,0,0,0,309.617092,309.617092,302.0928378,0,0,0,0,0,0,0,0,0,0,0,0
1,0,0,0,0,0,0,0,8,2,0,0,0,563.556,273.461,140.889,0,0,0,0,0,0,0,0,0,0,0,0
0,0,0,0,0,0,0,0,6,3,0,0,0,602.734,336.631,200.9113333,0,0,0,0,0,0,0,0,0,0,0,0
0,0,0,0,0,0,0,0,14,2,0,1,3,0,0,0,0,0,0,479.0816173,157.0564973,65.54033008,15.285947,15.285947,15.285947,41.800171,17.852648,13.93339033
0,0,0,0,0,0,0,0,5,1,0,0,0,1045.829154,543.621584,302.0928378,0,0,0,0,0,0,0,0,0,0,0,0
0,0,0,0,0,0,0,0,11,2,0,0,0,585.334948,327.297108,146.333737,0,0,0,153.601072,136.765165,51.20035733,0,0,0,0,0,0
0,0,0,0,0,0,0,0,22,2,0,0,0,0,0,0,11.535269,5.823829,3.845089667,11.55015,8.572855,5.775075,0,0,0,0,0,0
0,0,0,0,0,0,0,0,16,4,0,0,0,43.854,31.163,21.927,38.784,31.077,19.392,0,0,0,0,0,0,0,0,0
0,0,0,0,0,0,0,0,8,5,0,0,0,268.758231,135.794358,89.586077,35.10883,18.281652,17.554415,0,0,0,0,0,0,0,0,0
0,0,0,3,0,2,0,0,16,3,0,0,0,0,0,0,9.141,9.141,9.141,0,0,0,0,0,0,0,0,0
0,0,0,0,0,0,0,0,11,5,0,0,0,0,0,0,0,0,0,57.670765,26.525389,14.41769125,0,0,0,0,0,0
0,0,2,0,0,0,0,0,8,2,0,3,0,570.147,393.295,285.0735,0,0,0,0,0,0,94.086,65.599,31.362,0,0,0
0,0,0,0,0,0,0,0,6,2,0,0,0,376.868976,81.643377,17.94614171,0,0,0,0,0,0,0,0,0,0,0,0
0,0,0,0,0,0,0,0,9,2,0,0,0,803.36,183.103,80.336,0,0,0,0,0,0,0,0,0,0,0,0
0,0,0,0,0,0,0,0,2,4,0,0,0,787.385021,464.057245,157.4770042,0,0,0,0,0,0,0,0,0,0,0,0
0,0,0,0,0,0,0,0,6,6,0,0,0,392.206824,153.15605,78.4413648,0,0,0,0,0,0,0,0,0,0,0,0
0,0,0,0,0,0,0,0,10,2,0,0,0,392.545209,168.511827,65.4242015,0,0,0,0,0,0,0,0,0,0,0,0
9,1,1,0,0,0,0,0,24,2,0,12,0,5.218,5.218,5.218,0,0,0,0,0,0,279.737,62.297,23.31141667,0,0,0
0,0,0,0,0,0,0,0,14,2,0,0,17,0,0,0,4.309,4.309,4.309,0,0,0,0,0,0,390.564,112.756,22.97435294
0,0,0,0,0,0,0,2,23,2,0,0,6,63.747291,63.747291,63.747291,0,0,0,61.648088,27.105935,20.54936267,0,0,0,121.133079,50.316327,20.1888465
0,0,0,0,0,0,0,0,9,4,0,0,0,224.774801,148.704891,112.3874005,0,0,0,14.585644,14.585644,14.585644,0,0,0,0,0,0
2,0,0,0,0,0,0,0,9,5,0,0,0,247.190253,152.852321,123.5951265,0,0,0,0,0,0,0,0,0,0,0,0
0,0,0,6,0,0,0,0,21,3,0,0,2,96.170504,96.170504,96.170504,0,0,0,84.564297,31.100841,9.396033,0,0,0,98.799091,78.238134,49.3995455
0,0,0,0,0,0,0,0,6,3,0,0,0,0,0,0,144.496652,80.819233,24.08277533,479.0816173,157.0564973,65.54033008,0,0,0,0,0,0
0,0,0,2,1,1,0,0,14,12,0,0,12,0,0,0,0,0,0,0,0,0,0,0,0,163.718,34.167,13.64316667
0,0,0,0,0,0,0,0,9,4,0,0,0,72.905218,72.905218,72.905218,0,0,0,43.65106,29.85284,21.82553,0,0,0,0,0,0
0,0,0,0,0,0,0,0,7,9,0,0,0,226.511,85.434,25.16788889,0,0,0,0,0,0,0,0,0,0,0,0
0,0,0,0,0,0,0,0,11,3,0,0,2,0,0,0,0,0,0,0,0,0,0,0,0,35.717,35.711,17.8585
0,0,0,0,0,0,0,0,8,4,0,0,0,286.783744,125.136747,47.79729067,0,0,0,0,0,0,0,0,0,0,0,0
1,0,0,0,0,0,0,0,14,1,0,0,0,1152.348,577.251,128.0386667,0,0,0,122.062,122.062,65.54033008,0,0,0,0,0,0
0,0,0,0,0,0,0,0,8,4,0,0,0,476.021973,443.505571,158.673991,0,0,0,0,0,0,0,0,0,0,0,0
0,0,0,0,0,0,0,0,6,3,0,0,0,150.900608,84.561506,50.30020267,0,0,0,0,0,0,0,0,0,0,0,0
0,0,0,0,0,0,2,2,22,2,0,0,6,0,0,0,13.06,7.506,6.53,153.136,30.627,15.3136,0,0,0,149.709,63.064,24.9515
2,6,0,0,0,0,0,0,22,8,0,0,0,0,0,0,0,0,0,0,0,0,0,0,0,0,0,0
0,0,0,0,0,0,0,0,13,1,0,0,0,88.619,88.619,88.619,0,0,0,268.461,37.654,17.8974,0,0,0,0,0,0
2,0,6,0,0,0,0,0,13,4,0,1,0,0,0,0,0,0,0,0,0,0,66.837252,66.837252,52.64037031,0,0,0
0,0,0,0,0,0,0,0,6,5,0,0,0,253.932227,180.662968,63.48305675,0,0,0,0,0,0,0,0,0,0,0,0
0,0,0,0,0,0,0,0,7,12,0,0,0,0,0,0,0,0,0,0,0,0,0,0,0,0,0,0
0,0,0,0,0,0,0,0,14,3,0,0,0,0,0,0,0,0,0,0,0,0,0,0,0,0,0,0
0,0,0,0,0,0,0,0,8,1,0,0,0,1582.409,754.5265923,302.0928378,0,0,0,0,0,0,0,0,0,0,0,0
0,0,0,0,0,0,0,0,5,2,0,0,0,819.603065,530.001577,302.0928378,0,0,0,0,0,0,0,0,0,0,0,0
0,0,0,0,0,0,0,0,9,1,0,0,0,788.482,482.654,157.6964,68.774,68.774,68.774,0,0,0,0,0,0,0,0,0
0,0,0,0,0,0,0,0,6,4,0,0,0,395.409418,389.342095,197.704709,0,0,0,0,0,0,0,0,0,0,0,0
0,0,0,0,0,0,0,0,11,4,0,0,0,0,0,0,0,0,0,0,0,0,0,0,0,0,0,0
0,0,0,0,0,0,0,0,3,4,0,0,0,0,0,0,0,0,0,0,0,0,0,0,0,0,0,0
0,0,0,0,0,0,0,0,6,4,0,0,0,270.587406,270.587406,270.587406,0,0,0,0,0,0,0,0,0,0,0,0
0,0,0,0,0,0,0,0,9,12,0,0,11,0,0,0,0,0,0,0,0,0,0,0,0,162.443277,60.552988,14.76757064
0,0,0,0,0,0,0,0,8,2,0,0,0,904.714,496.963,226.1785,0,0,0,0,0,0,0,0,0,0,0,0
0,0,0,0,0,0,0,0,10,4,0,0,1,526.198,135.296,52.6198,0,0,0,0,0,0,0,0,0,38.551,38.551,38.551
0,0,0,0,0,0,0,0,8,2,0,0,0,470.019,290.851,117.50475,0,0,0,0,0,0,0,0,0,0,0,0
0,0,0,0,0,0,0,0,20,1,0,24,0,350.40688,176.918892,175.20344,0,0,0,0,0,0,262.313305,33.068809,10.08897327,0,0,0
4,0,0,3,0,3,0,0,12,6,0,0,0,0,0,0,0,0,0,0,0,0,0,0,0,0,0,0
0,0,0,0,0,0,0,0,7,2,0,0,0,0,0,0,305.870474,113.238638,50.97841233,0,0,0,0,0,0,0,0,0
0,0,0,0,0,0,0,0,10,6,0,0,0,148.350739,81.953415,49.45024633,0,0,0,24.729358,17.530061,12.364679,0,0,0,0,0,0
0,0,0,0,0,0,0,0,10,1,0,0,0,882.075,633.328,220.51875,0,0,0,5.262,5.262,5.262,0,0,0,0,0,0
0,0,0,1,0,0,0,0,12,3,0,0,0,0,0,0,0,0,0,0,0,0,0,0,0,0,0,0
0,0,0,0,0,0,0,0,14,2,0,0,1,167.225,76.778,41.80625,0,0,0,142.102,118.597,47.36733333,0,0,0,142.922,142.922,112.5132732
0,0,0,0,0,0,0,0,9,3,0,0,0,280.146,280.146,280.146,0,0,0,0,0,0,0,0,0,0,0,0
0,0,0,0,0,0,0,0,7,3,0,0,0,555.132261,383.745786,185.044087,0,0,0,0,0,0,0,0,0,0,0,0
0,0,0,0,0,0,0,0,15,5,0,0,0,226.344,82.988,45.2688,0,0,0,113.869,64.577,37.95633333,0,0,0,0,0,0
0,0,0,0,0,0,0,0,8,4,0,0,0,21.366698,21.366698,21.366698,0,0,0,129.77635,32.530493,11.79785,0,0,0,0,0,0
0,0,0,0,0,0,0,0,8,5,0,0,1,0,0,0,0,0,0,179.436,70.209,11.21475,0,0,0,25.89,25.89,25.89
0,0,0,1,0,1,0,0,9,5,0,0,0,0,0,0,0,0,0,0,0,0,0,0,0,0,0,0
0,0,0,0,0,0,0,0,15,7,0,0,2,0,0,0,0,0,0,0,0,0,0,0,0,69.750431,58.746761,34.8752155
0,0,0,0,0,0,0,0,9,4,0,0,0,0,0,0,0,0,0,44.437,30.23,14.81233333,0,0,0,0,0,0
0,0,0,0,0,0,0,0,14,3,0,0,0,0,0,0,0,0,0,0,0,0,0,0,0,0,0,0
0,0,0,0,0,0,0,0,8,6,0,0,0,485.140936,105.820507,53.90454844,0,0,0,0,0,0,0,0,0,0,0,0
0,0,0,0,0,0,0,0,8,5,0,0,0,391.851,264.848,78.3702,0,0,0,0,0,0,0,0,0,0,0,0
0,0,0,0,0,0,0,0,6,6,0,0,0,179.043071,110.289033,89.5215355,0,0,0,0,0,0,0,0,0,0,0,0
0,0,0,0,0,0,0,0,15,3,0,0,11,507.278,322.905,126.8195,32.291,20.243,8.07275,0,0,0,0,0,0,243.079,152.222,22.09809091
0,0,2,0,0,0,0,1,11,3,0,2,4,0,0,0,0,0,0,170.636,72.865,24.37657143,22.384,17.581,11.192,199.509,133.59,49.87725
0,0,0,0,0,0,0,0,11,1,0,0,0,779.38788,142.536956,64.94899,0,0,0,0,0,0,0,0,0,0,0,0
0,0,0,0,0,0,0,0,12,3,0,0,3,0,0,0,30.724356,16.878391,7.681089,0,0,0,0,0,0,27.399637,13.798498,9.133212333
1,0,0,6,0,2,0,0,25,6,1.569,0,0,100.017,62.391,50.0085,0,0,0,48.051,23.346,6.864428571,0,0,0,0,0,0
0,0,0,0,0,0,0,0,8,7,32.31662,0,0,9.175,9.175,9.175,0,0,0,13.664,11.433,6.832,0,0,0,0,0,0
0,0,0,0,0,0,0,0,4,5,0,0,0,369.281,341.042,123.0936667,0,0,0,0,0,0,0,0,0,0,0,0
0,0,0,0,0,0,0,0,10,3,32.31662,0,0,0,0,0,0,0,0,128.331,48.681,14.259,0,0,0,0,0,0
0,0,0,0,0,0,0,0,8,4,0,0,1,0,0,0,0,0,0,0,0,0,0,0,0,1.08,1.08,1.08
0,0,0,0,0,0,0,0,14,3,0,0,0,19.02106,17.582556,9.51053,0,0,0,79.426612,51.000621,26.47553733,0,0,0,0,0,0
0,0,0,0,0,0,0,0,12,2,0,0,0,41.983,41.983,41.983,38.439,38.439,38.439,0,0,0,0,0,0,0,0,0
0,0,0,0,0,0,0,0,7,2,0,0,0,672.845,148.904,44.85633333,0,0,0,0,0,0,0,0,0,0,0,0
0,0,0,0,0,0,0,0,11,2,0,0,4,0,0,0,0,0,0,0,0,0,0,0,0,896.83126,290.59266,112.5132732
0,0,2,0,0,0,0,5,14,5,0,3,2,87.176205,79.114714,43.5881025,0,0,0,0,0,0,37.82193,27.338961,12.60731,214.382642,154.710404,107.191321
2,0,0,0,0,0,0,9,9,3,0,0,6,35.068144,18.298881,8.767036,18.896899,9.631617,9.4484495,0,0,0,0,0,0,354.057454,290.59266,59.00957567
1,0,0,0,0,0,0,0,10,10,0,0,13,0,0,0,0,0,0,0,0,0,0,0,0,138.828619,24.775728,10.67912454
0,0,0,1,0,1,0,0,15,9,0,0,0,0,0,0,0,0,0,0,0,0,0,0,0,0,0,0
0,0,0,0,0,0,0,0,8,4,0,0,0,438.264,157.397,54.783,5.145,5.145,5.145,0,0,0,0,0,0,0,0,0
0,0,0,0,0,0,0,0,7,5,0,0,0,280.01906,131.744188,40.00272286,0,0,0,0,0,0,0,0,0,0,0,0
0,0,0,0,0,0,0,0,7,4,0,0,0,451.227218,197.920708,112.8068045,0,0,0,0,0,0,0,0,0,0,0,0
5,0,0,0,0,0,0,0,17,3,0,2,0,0,0,0,5.013,3.973,2.5065,0,0,0,45.158,35.566,22.579,0,0,0
0,0,0,0,0,0,0,0,9,3,0,0,0,137.096,137.096,137.096,17.871,9.466,8.9355,0,0,0,0,0,0,0,0,0
0,0,0,0,0,0,0,0,15,5,0,0,0,0,0,0,7.201229,7.201229,7.201229,27.563909,16.969618,6.89097725,0,0,0,0,0,0
0,0,0,0,0,0,0,0,6,1,0,0,0,1483.996994,754.5265923,302.0928378,0,0,0,0,0,0,0,0,0,0,0,0
0,0,0,0,0,0,0,0,9,6,0,0,0,294.454,208.692,98.15133333,0,0,0,4.279,4.279,4.279,0,0,0,0,0,0
0,0,0,0,0,0,0,0,2,10,0,0,0,1.814931,1.814931,1.814931,0,0,0,0,0,0,0,0,0,0,0,0
0,0,0,0,0,0,0,0,12,14,0,0,0,160.074392,41.387345,16.0074392,0,0,0,38.463231,14.182282,7.6926462,0,0,0,0,0,0
0,0,0,0,0,0,0,0,6,3,0,0,0,433.654,432.582,216.827,38.331,38.331,38.331,0,0,0,0,0,0,0,0,0
0,0,0,0,0,0,0,0,12,6,0,0,0,113.22,60.342,37.74,40.162,32.762,13.38733333,0,0,0,0,0,0,0,0,0
0,0,0,0,0,0,0,0,7,6,0,0,0,0,0,0,0,0,0,0,0,0,0,0,0,0,0,0
0,0,0,0,0,0,0,0,4,7,0,0,0,0,0,0,0,0,0,0,0,0,0,0,0,0,0,0
0,0,0,0,0,0,0,0,10,4,0,0,0,184.738,74.763,23.09225,0,0,0,0,0,0,0,0,0,0,0,0
0,0,0,0,0,0,0,0,6,6,0,0,0,0,0,0,0,0,0,29.37,29.37,29.37,0,0,0,0,0,0
0,0,0,0,0,0,0,0,9,2,0,0,1,553.823886,526.551361,276.911943,0,0,0,0,0,0,0,0,0,33.885744,33.885744,33.885744
0,0,0,0,0,0,0,0,9,6,0,0,0,0,0,0,40.5,18.355,3.375,2.191,1.482,1.0955,0,0,0,0,0,0
0,0,0,0,0,0,0,0,11,9,0,0,0,42.188,28.559,14.06266667,0,0,0,0,0,0,0,0,0,0,0,0
0,0,0,0,0,0,0,0,12,4,0,0,0,190.484901,100.27918,47.62122525,0,0,0,0,0,0,0,0,0,0,0,0
0,0,0,2,0,0,0,0,12,4,0,0,0,403.223,179.686,80.6446,110.491,84.67,36.83033333,0,0,0,0,0,0,0,0,0
0,0,0,0,0,0,0,0,14,5,0,0,0,93.571,67.359,31.19033333,8.686,8.686,8.686,46.49,45.395,23.245,0,0,0,0,0,0
0,0,0,0,0,0,0,0,9,4,0,0,2,530.568,479.152,88.428,0,0,0,0,0,0,0,0,0,62.018,60.706,31.009
0,0,0,6,0,3,0,0,27,2,0,0,0,19,19,19,0,0,0,0,0,0,0,0,0,0,0,0
0,0,0,0,0,0,0,0,7,3,9.564,0,6,0,0,0,0,0,0,0,0,0,0,0,0,644.154,215.019,107.359
0,0,0,0,0,0,0,0,7,7,0,0,0,247.721243,72.035319,27.52458256,0,0,0,0,0,0,0,0,0,0,0,0
0,0,0,0,0,0,0,0,11,5,0,0,0,0,0,0,0,0,0,98.339137,24.190299,12.29239213,0,0,0,0,0,0
3,0,0,0,0,0,0,0,15,5,0,0,0,0,0,0,46.543,46.543,46.543,69.875,69.875,65.54033008,0,0,0,0,0,0
0,0,0,0,0,0,0,0,12,6,0,0,0,25.888,25.888,25.888,0,0,0,0,0,0,0,0,0,0,0,0
0,0,0,0,0,0,0,0,17,3,0,0,0,244.927,148.424,34.98957143,0,0,0,41.649,19.633,5.949857143,0,0,0,0,0,0
3,2,0,1,0,1,0,0,11,6,0,1,0,28.211,28.211,28.211,23.546,15.396,7.848666667,0,0,0,23.826,23.826,23.826,0,0,0
4,4,13,1,0,1,0,0,19,3,0,15,0,0,0,0,0,0,0,0,0,0,141.440641,40.487013,9.429376067,0,0,0
0,0,0,3,0,1,0,2,13,4,0,0,3,0,0,0,0,0,0,0,0,0,0,0,0,125.397784,69.966806,41.79926133
0,0,0,0,0,0,0,0,10,2,0,0,0,204.895604,106.717642,68.29853467,0,0,0,118.074358,85.249026,39.35811933,0,0,0,0,0,0
0,0,0,0,0,0,0,0,11,3,0,0,0,210.803,169.073,52.70075,0,0,0,0,0,0,0,0,0,0,0,0
0,0,0,0,0,0,0,0,9,3,0,0,0,0,0,0,0,0,0,37.91,37.91,37.91,0,0,0,0,0,0
0,0,0,0,0,0,0,0,5,7,0,0,0,23.195,13.127,5.79875,130.548,37.65,13.0548,0,0,0,0,0,0,0,0,0
0,0,0,4,1,3,0,0,17,7,0,0,1,80.171877,45.212301,26.723959,0,0,0,87.939419,73.856851,43.9697095,0,0,0,4.813651,4.813651,4.813651
0,0,0,0,0,0,0,0,8,3,0,0,0,254.623001,199.031995,63.65575025,0,0,0,0,0,0,0,0,0,0,0,0
0,0,0,0,0,0,0,0,6,4,0,0,0,153.165,65.085,51.055,0,0,0,0,0,0,0,0,0,0,0,0
0,0,0,0,0,0,0,0,7,1,0,0,0,563.229927,374.828777,187.743309,90.882059,90.882059,75.09486667,0,0,0,0,0,0,0,0,0
0,0,0,4,2,0,0,0,9,20,0,0,2,0,0,0,0,0,0,0,0,0,0,0,0,32.377228,23.946153,16.188614
0,0,0,3,0,3,0,0,20,2,9.113,0,0,350.668,79.946,25.04771429,0,0,0,0,0,0,0,0,0,0,0,0
0,0,0,1,0,1,0,0,17,2,0,1,0,0,0,0,0,0,0,54.86955,22.667128,18.28985,8.648228,8.648228,8.648228,0,0,0
1,0,0,6,0,0,0,10,10,4,0,0,15,138.872,84.208,27.7744,0,0,0,0,0,0,0,0,0,349.231,61.712,23.28206667
0,0,0,1,0,0,0,0,13,6,0,0,0,0,0,0,0,0,0,0,0,0,0,0,0,0,0,0
0,0,1,0,0,0,0,2,12,6,0,2,2,0,0,0,36.174229,18.496964,18.0871145,56.002543,25.827925,11.2005086,15.4634,11.96672,7.7317,35.714436,22.708823,17.857218
0,0,0,0,0,0,0,0,10,4,0,0,1,526.198,135.296,52.6198,0,0,0,0,0,0,0,0,0,38.551,38.551,38.551
1,0,0,0,0,0,0,0,13,8,0,0,0,35.352,33.529,17.676,0,0,0,16.564,15.728,8.282,0,0,0,0,0,0
0,0,0,0,0,0,0,0,11,2,0,0,0,686.576,628.538,228.8586667,8.456,8.456,8.456,0,0,0,0,0,0,0,0,0
0,0,0,0,0,0,0,0,14,6,0,2,0,0,0,0,32.335096,17.234272,10.77836533,61.948424,28.624791,12.3896848,3.871131,2.944941,1.9355655,0,0,0
0,0,0,0,0,0,0,0,6,5,0,0,0,262.239,262.239,262.239,0,0,0,0,0,0,0,0,0,0,0,0
0,0,0,0,0,0,0,0,8,2,0,0,0,1456.097,468.245,112.0074615,0,0,0,0,0,0,0,0,0,0,0,0
0,0,0,0,0,0,0,0,19,2,0,0,0,0,0,0,0,0,0,0,0,0,0,0,0,0,0,0
0,0,0,1,0,0,0,0,11,2,0,0,0,751.865,751.865,302.0928378,403.07,162.156,75.09486667,0,0,0,0,0,0,0,0,0
0,0,0,0,0,0,0,0,14,3,0,0,1,0,0,0,17.797114,17.797114,17.797114,120.576061,32.942801,13.39734011,0,0,0,4.899443,4.899443,4.899443
8,0,8,0,0,0,0,0,16,5,0,10,0,0,0,0,0,0,0,0,0,0,147.599791,64.682415,14.7599791,0,0,0
0,0,0,0,0,0,0,0,11,3,0,0,0,0,0,0,0,0,0,44.512844,25.683709,14.83761467,0,0,0,0,0,0
9,0,2,0,0,0,0,0,16,2,0,4,0,0,0,0,0,0,0,0,0,0,93.607118,73.671516,23.4017795,0,0,0
0,0,0,0,0,0,0,0,7,4,0,0,0,0,0,0,96.243933,18.449332,8.02032775,0,0,0,0,0,0,0,0,0
0,0,0,0,0,0,0,0,10,2,0,0,0,513.426942,196.012894,85.571157,162.66968,91.050667,75.09486667,0,0,0,0,0,0,0,0,0
0,0,0,0,0,0,0,0,6,2,0,0,0,453.25856,168.054267,75.54309333,0,0,0,22.693246,13.482412,11.346623,0,0,0,0,0,0
0,0,0,2,0,0,0,0,16,7,0,0,9,0,0,0,0,0,0,0,0,0,0,0,0,190.327,79.517,21.14744444
4,0,0,1,0,0,0,0,10,13,0,0,0,0,0,0,0,0,0,0,0,0,0,0,0,0,0,0
5,0,0,0,0,0,0,0,15,1,0,11,0,12.994,7.373,3.2485,23.983,19.93,7.994333333,52.883,43.826,26.4415,247.556,56.976,22.50509091,0,0,0
0,0,0,0,0,0,0,0,8,2,0,0,0,240.471,240.471,240.471,566.6173955,183.930981,47.92475,0,0,0,0,0,0,0,0,0
1,0,0,6,2,0,0,9,8,5,0,0,10,0,0,0,0,0,0,0,0,0,0,0,0,200.822,55.044,20.0822
0,0,0,0,0,0,0,0,9,9,0,0,0,79.493,34.239,26.49766667,1.548,1.548,1.548,0,0,0,0,0,0,0,0,0
0,0,0,0,0,0,0,0,7,6,0,0,1,0,0,0,4.295,4.295,4.295,0,0,0,0,0,0,0.633,0.633,0.633
5,0,0,0,0,0,0,0,13,1,0,7,0,406.517989,116.206408,67.75299817,0,0,0,0,0,0,52.18003,17.903892,7.45429,0,0,0
0,0,0,0,0,0,0,0,16,2,0,0,0,0,0,0,0,0,0,479.0816173,157.0564973,25.826,0,0,0,0,0,0
0,0,0,0,0,0,0,1,14,4,15.465,0,4,0,0,0,0,0,0,73.776,27.786,14.7552,0,0,0,201.01,86.234,50.2525
0,0,0,0,0,0,0,0,7,5,0,0,0,0,0,0,2.5515,2.5515,2.5515,0,0,0,0,0,0,0,0,0
0,0,0,0,0,0,0,0,5,3,0,0,0,479.988,478.097,239.994,0,0,0,0,0,0,0,0,0,0,0,0
0,0,0,2,0,1,0,3,23,4,0,0,6,0,0,0,33.557,33.557,33.557,10.915,10.915,10.915,0,0,0,107.723,39.356,17.95383333
0,0,0,0,0,0,0,1,12,1,0,0,1,30.370805,30.370805,30.370805,79.130904,32.794551,15.8261808,104.265466,38.867791,14.89506657,0,0,0,87.59109,87.59109,87.59109
0,0,0,1,1,0,0,0,14,3,0,0,0,0,0,0,13.602114,5.719924,4.534038,37.331607,16.649465,9.33290175,0,0,0,0,0,0
0,0,0,0,0,0,0,0,17,3,0,0,0,0,0,0,47.546,13.798,9.5092,0,0,0,0,0,0,0,0,0
0,0,0,0,0,0,0,0,6,3,0,0,0,672.953,614.384,134.5906,0,0,0,0,0,0,0,0,0,0,0,0
0,0,0,0,0,0,0,0,9,4,0,0,0,0,0,0,0,0,0,0,0,0,0,0,0,0,0,0
0,0,0,0,0,0,0,0,8,2,0,0,0,999.615,515.782,199.923,0,0,0,0,0,0,0,0,0,0,0,0
0,0,0,3,2,1,0,0,13,7,0,0,8,0,0,0,28.428,12.271,9.476,0,0,0,0,0,0,122.561,33.448,15.320125
0,0,0,0,0,0,0,0,8,2,0,0,0,0,0,0,531.21596,183.930981,48.29236,73.272622,48.001491,36.636311,0,0,0,0,0,0
0,0,6,0,0,0,0,0,16,3,0,5,0,0,0,0,0,0,0,0,0,0,282.39,114.912,52.64037031,0,0,0
0,0,0,0,0,0,0,0,9,3,0,0,6,229.101,102.154,76.367,0,0,0,32.458,18.671,16.229,0,0,0,182.637,67.329,30.4395
0,0,0,0,0,0,0,0,10,6,0,1,0,0,0,0,0,0,0,31.117239,20.445499,10.372413,21.580928,21.580928,21.580928,0,0,0
0,0,0,0,0,0,0,0,12,2,0,0,0,543.929609,315.194754,54.3929609,16.878339,8.536313,8.4391695,72.577986,24.002658,10.36828371,0,0,0,0,0,0
0,0,0,0,0,0,0,0,17,3,0,0,0,0,0,0,177.469,116.118,59.15633333,40.987,26.969,13.66233333,0,0,0,0,0,0
0,0,0,0,0,0,0,0,12,2,0,0,0,157.531752,101.20501,78.765876,0,0,0,0,0,0,0,0,0,0,0,0
0,0,0,2,0,2,0,0,21,3,0,0,1,95.829994,58.709189,47.914997,0,0,0,0,0,0,0,0,0,16.559306,16.559306,16.559306
0,0,0,0,0,0,0,0,3,7,0,0,0,0,0,0,0,0,0,0,0,0,0,0,0,0,0,0
1,0,0,1,0,1,0,0,16,5,0,1,0,0,0,0,0,0,0,106.534076,45.457056,15.21915371,2.42191,2.42191,2.42191,0,0,0
0,0,0,0,0,0,0,0,3,3,0,0,0,0,0,0,566.6173955,183.930981,75.09486667,0,0,0,0,0,0,0,0,0
0,0,0,1,1,0,0,0,12,2,0,0,12,0,0,0,0,0,0,0,0,0,0,0,0,896.83126,290.59266,79.464796
0,0,2,0,0,0,0,0,14,4,0,4,0,111.237619,111.237619,111.237619,0,0,0,37.51065,17.192147,6.251775,10.411862,4.649321,2.6029655,0,0,0
3,0,0,1,0,0,0,0,13,12,0,0,2,0,0,0,0,0,0,0,0,0,0,0,0,10.587,6.433,5.2935
0,0,0,0,0,0,0,0,12,4,0,0,3,32.487,32.487,32.487,46.478,24.791,11.6195,68.699,42.076,17.17475,0,0,0,94.584,64.572,31.528
0,0,0,0,0,0,0,0,12,4,0,0,0,228.204,113.831,45.6408,0,0,0,0,0,0,0,0,0,0,0,0
0,0,0,0,0,0,0,0,10,2,0,0,1,293.209,291.39,146.6045,0,0,0,170.669,157.0564973,65.54033008,0,0,0,46.401,46.401,46.401
0,0,0,0,0,0,0,0,10,6,0,0,8,0,0,0,0,0,0,50.366,22.063,16.78866667,0,0,0,436.376,184.54,54.547
0,0,0,0,0,0,0,0,11,7,0,0,3,0,0,0,35.555805,35.555805,35.555805,0,0,0,0,0,0,55.920028,30.430554,18.64000933
0,0,0,0,0,0,0,0,8,9,0,0,0,0,0,0,44.004895,26.931175,5.500611875,18.967384,18.102633,9.483692,0,0,0,0,0,0
0,0,0,1,0,1,0,0,20,3,0,0,0,0,0,0,0,0,0,79.738,77.077,39.869,0,0,0,0,0,0
0,0,0,0,0,0,0,0,6,6,0,0,0,145.991986,144.146267,72.995993,0,0,0,0,0,0,0,0,0,0,0,0
0,0,0,0,0,0,0,0,6,2,0,0,0,405.209205,168.135688,45.023245,0,0,0,0,0,0,0,0,0,0,0,0
1,0,4,4,0,3,0,4,15,5,0,3,9,0,0,0,0,0,0,0,0,0,95.009,64.388,31.66966667,185.382,57.754,20.598
0,0,0,0,0,0,0,0,6,3,0,0,0,614.508505,192.71474,47.269885,0,0,0,0,0,0,0,0,0,0,0,0
0,0,0,0,0,0,0,0,1,10,0,0,0,0,0,0,0,0,0,0,0,0,0,0,0,0,0,0
8,0,12,0,0,0,0,5,24,1,0,11,7,0,0,0,0,0,0,0,0,0,131.094545,30.833229,11.91768591,121.049412,42.599967,17.29277314
0,0,0,0,0,0,0,0,3,3,0,0,0,0,0,0,566.6173955,183.930981,75.09486667,0,0,0,0,0,0,0,0,0
0,0,0,0,0,0,0,0,8,5,0,0,0,449.213,193.345,112.30325,0,0,0,0,0,0,0,0,0,0,0,0
0,0,0,0,0,0,0,0,7,2,0,0,0,349.893733,231.979325,87.47343325,0,0,0,0,0,0,0,0,0,0,0,0
0,0,6,0,0,0,0,0,16,3,0,5,0,0,0,0,0,0,0,0,0,0,282.39,114.912,52.64037031,0,0,0
0,0,0,1,1,0,0,1,10,3,0,0,5,0,0,0,0,0,0,0,0,0,0,0,0,336.544303,252.889822,67.3088606
0,0,0,0,0,0,0,0,9,4,0,0,0,122.624,49.466,24.5248,47.971,25.085,23.9855,0,0,0,0,0,0,0,0,0
0,0,0,0,0,0,0,0,10,1,0,0,0,306.159945,306.159945,302.0928378,0,0,0,153.005047,54.427696,17.00056078,0,0,0,0,0,0
0,0,1,0,0,0,0,0,9,5,0,2,0,349.020185,117.31273,58.17003083,0,0,0,0,0,0,5.184941,3.931773,2.5924705,0,0,0
0,0,0,0,0,0,0,0,14,5,0,0,0,0,0,0,0,0,0,59.662,46.38,29.831,0,0,0,0,0,0
0,0,0,0,0,0,0,0,5,6,0,0,0,0,0,0,218.690902,50.884509,24.29898911,0,0,0,0,0,0,0,0,0
0,0,0,0,0,0,0,0,7,2,0,0,0,676.547,502.999,302.0928378,0,0,0,0,0,0,0,0,0,0,0,0
0,0,0,0,0,0,0,0,15,2,0,0,0,0,0,0,0,0,0,0,0,0,0,0,0,0,0,0
0,0,0,0,0,0,0,0,10,5,0,0,0,0,0,0,0,0,0,150.28,83.015,50.09333333,0,0,0,0,0,0
0,0,0,0,0,0,0,0,12,1,0,1,1,86.588293,51.264716,28.86276433,73.229471,25.69696,18.30736775,0,0,0,17.10096,17.10096,17.10096,18.160891,18.160891,18.160891
0,0,0,0,0,0,0,0,4,8,0,0,0,29.370388,25.839343,14.685194,225.169192,26.413698,7.03653725,0,0,0,0,0,0,0,0,0
0,0,0,0,0,0,0,0,10,3,0,0,0,0,0,0,155.771341,60.989011,25.96189017,0,0,0,0,0,0,0,0,0
0,0,0,0,0,0,0,0,8,4,0,0,1,40.490814,40.490814,40.490814,0,0,0,0,0,0,0,0,0,119.74001,119.74001,112.5132732
0,0,0,0,0,0,0,0,22,2,0,0,0,4.10777,4.10777,4.10777,152.764353,31.857275,19.09554413,20.036507,14.836192,10.0182535,0,0,0,0,0,0
1,0,0,0,0,0,0,0,14,5,11.22962,0,0,34.440184,11.818144,6.8880368,150.575239,59.409549,21.51074843,0,0,0,0,0,0,0,0,0
0,0,0,3,0,0,0,0,12,8,0,0,5,0,0,0,0,0,0,0,0,0,0,0,0,303.518,148.509,60.7036
0,0,0,0,0,0,0,0,12,3,0,0,0,499.734,284.134,124.9335,0,0,0,0,0,0,0,0,0,0,0,0
0,0,0,0,0,0,0,0,5,4,0,0,0,356.781763,166.27113,59.46362717,0,0,0,0,0,0,0,0,0,0,0,0
0,0,0,0,0,0,0,0,9,7,0,0,2,0,0,0,15.245,11.161,5.081666667,0,0,0,0,0,0,2.838,1.533,1.419
0,0,0,0,0,0,0,0,8,2,0,0,0,702.219,359.356,302.0928378,0,0,0,0,0,0,0,0,0,0,0,0
0,0,0,0,0,0,0,0,7,1,0,0,0,346.258233,269.586791,115.419411,566.6173955,95.834031,31.864296,0,0,0,0,0,0,0,0,0
0,0,0,0,0,0,0,0,8,2,0,0,0,702.219,359.356,302.0928378,0,0,0,0,0,0,0,0,0,0,0,0
1,0,0,0,0,0,0,0,16,4,0,0,0,56.912,44.649,18.97066667,141.07,41.221,15.67444444,30.068,30.068,30.068,0,0,0,0,0,0
0,0,0,0,0,0,0,0,12,14,0,0,0,160.074392,41.387345,16.0074392,0,0,0,38.463231,14.182282,7.6926462,0,0,0,0,0,0
0,0,0,0,0,0,0,0,8,3,0,0,0,160.05493,160.05493,160.05493,167.826591,167.826591,75.09486667,0,0,0,0,0,0,0,0,0
0,0,0,1,0,1,0,1,14,10,0,0,1,81.443385,23.208821,8.1443385,0,0,0,0,0,0,0,0,0,20.49938,20.49938,20.49938
0,0,0,0,0,0,0,0,7,7,0,0,0,265.059,149.74,37.86557143,0,0,0,0,0,0,0,0,0,0,0,0
0,0,0,0,0,0,0,0,15,5,0,0,0,0,0,0,0,0,0,0,0,0,0,0,0,0,0,0
0,0,0,0,0,0,0,0,17,1,0,0,0,25.333153,25.333153,25.333153,0,0,0,479.0816173,96.014863,34.7143175,0,0,0,0,0,0
0,0,0,0,0,0,0,0,11,8,0,0,1,30.829933,29.798884,15.4149665,34.362308,13.605824,8.590577,0,0,0,0,0,0,3.601763,3.601763,3.601763
0,0,0,1,1,0,0,0,14,3,0,0,0,0,0,0,13.602114,5.719924,4.534038,37.331607,16.649465,9.33290175,0,0,0,0,0,0
0,0,0,0,0,0,0,0,15,7,0,0,0,25.447,19.703,8.482333333,0,0,0,26.335,11.74,8.778333333,0,0,0,0,0,0
0,0,0,0,0,0,0,0,11,5,0,0,0,10.854,10.854,10.854,0,0,0,0,0,0,0,0,0,0,0,0
0,0,0,0,0,0,0,0,13,4,9.982,0,0,54.284,35.588,18.09466667,0,0,0,0,0,0,0,0,0,0,0,0
0,0,0,0,0,0,0,0,16,9,0,0,0,0,0,0,0,0,0,0,0,0,0,0,0,0,0,0
0,0,0,0,0,0,0,0,15,4,0,0,0,0,0,0,0,0,0,0,0,0,0,0,0,0,0,0
3,1,40,0,0,0,0,0,11,1,0,19,0,0,0,0,0,0,0,0,0,0,549.67819,142.89777,37.81668421,0,0,0
0,0,0,0,0,0,0,0,12,3,0,0,0,327.702,130.459,40.96275,0,0,0,0,0,0,0,0,0,0,0,0
3,3,7,1,0,1,0,2,16,2,0,2,5,0,0,0,0,0,0,0,0,0,97.343,82.05,48.6715,192.435,77.818,38.487
0,0,0,0,0,0,0,0,19,3,0,0,4,0,0,0,0,0,0,0,0,0,0,0,0,484.828,290.59266,112.5132732
0,0,0,0,0,0,0,0,3,8,0,0,0,0,0,0,0,0,0,0,0,0,0,0,0,0,0,0
0,0,0,0,0,0,0,0,10,3,0,0,0,159.857,75.102,31.9714,59.473,59.473,59.473,38.81,28.015,19.405,0,0,0,0,0,0
0,0,0,0,0,0,0,0,10,2,0,0,0,162.807861,86.511208,54.269287,43.201959,43.201959,43.201959,0,0,0,0,0,0,0,0,0
0,0,0,0,0,0,0,0,9,9,0,0,0,18.246038,9.473363,4.5615095,0,0,0,0,0,0,0,0,0,0,0,0
0,0,0,0,0,0,0,0,8,6,0,0,0,392.194,376.253,130.7313333,0,0,0,0,0,0,0,0,0,0,0,0
0,0,0,0,0,0,0,0,2,7,0,0,0,146.091313,106.684489,36.52282825,0,0,0,0,0,0,0,0,0,0,0,0
1,0,0,0,0,0,0,0,14,1,0,0,0,1152.348,577.251,128.0386667,0,0,0,122.062,122.062,65.54033008,0,0,0,0,0,0
0,0,0,0,0,0,0,0,9,8,0,0,0,0,0,0,0,0,0,0,0,0,0,0,0,0,0,0
0,0,0,0,0,0,0,0,13,3,0,0,5,115.342,108.202,38.44733333,0,0,0,0,0,0,0,0,0,166.446,73.472,33.2892
0,0,0,2,0,1,0,0,11,4,0,0,1,336.231,170.997,112.077,1.611,1.611,1.611,0,0,0,0,0,0,110.228,110.228,110.228
0,0,0,0,0,0,0,2,9,5,0,0,3,25.351018,25.351018,25.351018,0,0,0,0,0,0,0,0,0,197.147456,74.850221,65.71581867
0,0,0,0,0,0,0,0,12,3,0,0,0,244.962,75.826,24.4962,0,0,0,0,0,0,0,0,0,0,0,0
0,0,0,0,0,0,0,0,7,4,0,0,0,197.992059,142.960564,49.49801475,58.343029,58.343029,58.343029,10.376298,10.376298,10.376298,0,0,0,0,0,0
0,0,0,0,0,0,0,0,27,2,0,0,4,0,0,0,8.613,3.547,2.871,20.605,13.081,10.3025,0,0,0,186.946,126.275,46.7365
0,0,0,0,0,0,0,0,8,6,0,0,0,0,0,0,1.402473,1.402473,1.402473,73.842878,19.420882,7.3842878,0,0,0,0,0,0
0,0,0,2,0,1,0,0,22,3,0,0,0,0,0,0,4.401,4.401,4.401,0,0,0,0,0,0,0,0,0
1,0,0,0,0,0,0,0,15,2,0,0,0,0,0,0,48.803137,30.277828,12.20078425,106.362289,27.814406,17.72704817,0,0,0,0,0,0
0,0,0,0,0,0,0,0,7,4,0,0,0,325.457517,264.033959,162.7287585,0,0,0,0,0,0,0,0,0,0,0,0
0,0,0,0,0,0,0,0,10,4,0,0,0,98.389,70.7,49.1945,64.176,64.176,64.176,0,0,0,0,0,0,0,0,0
0,0,0,1,0,1,0,0,14,6,32.31662,0,0,219.501,219.501,219.501,0,0,0,0,0,0,0,0,0,0,0,0
0,0,0,0,0,0,0,0,11,3,0,0,0,210.803,169.073,52.70075,0,0,0,0,0,0,0,0,0,0,0,0
0,0,0,0,0,0,0,0,7,6,0,0,0,461.991,161.388,57.748875,0,0,0,0,0,0,0,0,0,0,0,0
0,0,0,0,0,0,0,0,11,3,0,0,0,13.487114,13.487114,13.487114,0,0,0,0,0,0,0,0,0,0,0,0
0,0,0,3,0,0,0,1,14,4,0,0,3,0,0,0,0,0,0,0,0,0,0,0,0,332.275,214.441,110.7583333
0,0,0,0,0,0,0,0,7,6,0,0,0,28.326463,28.326463,28.326463,154.577968,99.818184,30.9155936,0,0,0,0,0,0,0,0,0
0,0,0,0,0,0,0,0,12,3,0,0,0,327.702,130.459,40.96275,0,0,0,0,0,0,0,0,0,0,0,0
0,0,0,0,0,0,0,0,24,6,0,0,0,27.9,18.998,13.95,0,0,0,0,0,0,0,0,0,0,0,0
0,0,0,6,0,3,0,0,8,7,0,0,9,0,0,0,0,0,0,0,0,0,0,0,0,309.127365,148.953254,34.347485
6,0,3,0,0,0,0,0,14,3,0,3,0,202.552,90.195,33.75866667,0,0,0,0,0,0,46.356,33.468,15.452,0,0,0
0,0,0,0,0,0,0,0,9,4,0,0,0,0,0,0,0,0,0,0,0,0,0,0,0,0,0,0
0,0,0,0,0,0,0,0,13,6,0,0,0,0,0,0,13.007406,7.025432,3.2518515,0,0,0,0,0,0,0,0,0
0,0,0,0,0,0,0,0,9,4,0,0,0,0,0,0,0,0,0,0,0,0,0,0,0,0,0,0
0,0,3,0,0,0,0,0,11,4,0,7,0,250.056233,225.203786,83.35207767,0,0,0,0,0,0,44.535429,16.966499,6.362204143,0,0,0
0,0,0,0,0,0,0,0,14,9,0,0,0,0,0,0,0,0,0,0,0,0,0,0,0,0,0,0
0,0,0,0,0,0,0,0,16,6,0,0,0,324.313,246.015,162.1565,0,0,0,0,0,0,0,0,0,0,0,0
0,0,0,2,1,1,0,0,23,5,0,0,2,10.736,6.134,5.368,13.2,13.2,13.2,63.904,22.438,4.564571429,0,0,0,44.703,23.837,22.3515
0,0,0,0,0,0,0,0,7,5,0,0,0,338.872,132.718,67.7744,0,0,0,0,0,0,0,0,0,0,0,0
0,0,0,1,0,1,0,0,15,6,0,0,0,0,0,0,0,0,0,0,0,0,0,0,0,0,0,0
0,0,0,0,0,0,0,0,10,5,0,0,0,407.948469,363.080626,81.5896938,0,0,0,0,0,0,0,0,0,0,0,0
0,0,0,0,0,0,0,0,7,2,32.31662,0,0,593.382,593.382,302.0928378,0,0,0,0,0,0,0,0,0,0,0,0
1,0,0,0,0,0,0,0,18,2,0,0,2,0,0,0,3.165,1.585,1.5825,374.959,65.269,22.05641176,0,0,0,195.603,189.9,97.8015
0,0,0,0,0,0,2,2,10,6,0,0,7,0,0,0,14.906,14.906,14.906,36.376,23.879,9.094,0,0,0,260.806,79.94,37.258
0,0,0,0,0,0,1,4,6,3,0,0,8,0,0,0,0,0,0,0,0,0,0,0,0,896.83126,206.584878,112.5132732
2,0,0,6,2,2,0,3,10,6,0,0,9,0,0,0,0,0,0,0,0,0,0,0,0,493.46,290.59266,54.82888889
0,0,0,0,0,0,0,0,13,9,0,0,0,110.14031,78.678091,55.070155,23.702629,22.473864,11.8513145,0,0,0,0,0,0,0,0,0
0,0,0,0,0,0,0,0,11,2,0,0,0,466.352,110.731,33.31085714,0,0,0,0,0,0,0,0,0,0,0,0
0,0,0,0,0,0,0,0,2,4,0,0,0,787.385021,464.057245,157.4770042,0,0,0,0,0,0,0,0,0,0,0,0
0,0,0,0,0,0,0,0,6,2,0,0,0,639.574421,562.415419,213.1914737,43.457498,43.457498,43.457498,0,0,0,0,0,0,0,0,0
0,0,1,0,0,0,0,0,13,6,0,1,0,0,0,0,0,0,0,36.994,36.994,36.994,37.005,37.005,37.005,0,0,0
3,3,3,0,0,0,0,0,15,4,0,3,0,0,0,0,0,0,0,17.604,3.518,2.2005,80.297,36.11,26.76566667,0,0,0
0,0,0,0,0,0,0,0,3,12,0,0,0,0,0,0,285.449,58.988,12.97495455,0,0,0,0,0,0,0,0,0
0,0,0,0,0,0,0,0,8,7,0,0,0,0,0,0,0,0,0,40.438781,12.62196,5.054847625,0,0,0,0,0,0
0,0,0,0,0,0,0,0,12,3,13.814,0,1,0,0,0,38.586,36.959,19.293,13.341,13.341,13.341,0,0,0,18.477,18.477,18.477
0,0,0,0,0,0,0,0,15,4,0,0,0,0,0,0,0,0,0,0,0,0,0,0,0,0,0,0
0,0,0,0,0,0,0,0,6,6,0,0,0,0,0,0,0,0,0,71.39505,63.243189,23.79835,0,0,0,0,0,0
0,0,0,1,0,1,0,0,10,3,0,0,12,0,0,0,0,0,0,0,0,0,0,0,0,511.887484,166.346032,42.65729033
0,0,0,0,0,0,0,0,10,7,0,0,0,0,0,0,42.000717,20.332328,10.50017925,0,0,0,0,0,0,0,0,0
0,0,0,0,0,0,0,0,8,4,0,0,0,0,0,0,0,0,0,0,0,0,0,0,0,0,0,0
0,0,0,0,0,0,0,0,5,4,0,0,0,167.627433,125.387368,55.875811,0,0,0,0,0,0,0,0,0,0,0,0
0,0,0,0,0,0,0,0,8,6,0,0,0,0,0,0,0,0,0,109.566734,31.563181,10.9566734,0,0,0,0,0,0
0,0,0,0,0,0,0,0,6,2,0,0,0,372.750156,215.591103,62.125026,0,0,0,0,0,0,0,0,0,0,0,0
0,0,0,0,0,0,0,0,11,4,0,0,3,233.249493,163.020768,38.8749155,0,0,0,0,0,0,0,0,0,10.685134,7.149624,3.561711333
0,0,0,2,0,2,0,1,12,9,0,0,1,0,0,0,0,0,0,0,0,0,0,0,0,6.22626,6.22626,6.22626
0,0,0,0,0,0,0,0,8,3,0,0,0,383.903697,294.203268,191.9518485,0,0,0,0,0,0,0,0,0,0,0,0
0,0,0,0,0,0,0,0,9,2,0,0,0,483.654205,336.437942,60.45677563,269.669519,159.115352,67.41737975,0,0,0,0,0,0,0,0,0
0,0,0,0,0,0,0,0,5,8,0,0,0,0,0,0,5.860705,4.498646,1.953568333,416.116842,150.463053,37.82880382,0,0,0,0,0,0
0,0,0,0,0,0,0,0,8,3,0,0,0,0,0,0,33.837,19.761,16.9185,0,0,0,0,0,0,0,0,0
0,0,0,0,0,0,0,0,13,2,0,0,0,218.224,216.437,109.112,29.66,29.66,29.66,0,0,0,0,0,0,0,0,0
0,0,0,1,0,1,0,0,12,5,0,0,3,0,0,0,0,0,0,0,0,0,0,0,0,475.675,290.59266,112.5132732
0,0,0,0,0,0,0,0,16,6,0,0,1,0,0,0,21.085484,12.857152,7.028494667,124.814318,23.621471,9.601101385,0,0,0,0.695316,0.695316,0.695316
0,0,0,0,0,0,0,0,15,11,0,0,7,0,0,0,0,0,0,0,0,0,0,0,0,64.637,28.092,9.233857143
2,3,3,2,2,0,2,5,14,3,0,1,13,0,0,0,39.755,39.755,39.755,0,0,0,54.928,54.928,52.64037031,338.115,137.314,26.00884615
0,0,0,0,0,0,0,0,10,3,0,0,0,539.924,488.477,179.9746667,1.808,1.808,1.808,0,0,0,0,0,0,0,0,0
0,0,1,0,0,0,0,0,8,3,0,2,0,469.04248,259.184025,78.17374667,0,0,0,0,0,0,29.336583,28.572795,14.6682915,0,0,0
0,0,0,1,1,0,0,1,10,3,0,0,5,0,0,0,0,0,0,0,0,0,0,0,0,336.544303,252.889822,67.3088606
7,0,0,0,0,0,0,0,7,4,0,13,0,0,0,0,0,0,0,0,0,0,155.662,55.207,11.974,0,0,0
0,0,2,0,0,0,0,5,14,5,0,3,2,87.176205,79.114714,43.5881025,0,0,0,0,0,0,37.82193,27.338961,12.60731,214.382642,154.710404,107.191321
4,0,2,0,0,0,0,0,18,4,0,4,1,0,0,0,9.363456,9.363456,9.363456,13.73417,7.109613,6.867085,11.677887,5.472394,2.91947175,7.362834,7.362834,7.362834
0,0,0,0,0,0,0,0,11,1,0,0,1,1299.191,428.955,68.37847368,8.02,8.02,8.02,0,0,0,0,0,0,0.772,0.772,0.772
0,0,0,0,0,0,0,0,8,5,0,0,0,0,0,0,87.467,87.467,75.09486667,57.735,32.363,28.8675,0,0,0,0,0,0
0,0,0,0,0,0,0,0,11,3,0,0,3,0,0,0,1.556,1.556,1.556,0,0,0,0,0,0,148.398,146.003,49.466
0,0,0,0,0,0,0,0,11,3,0,0,0,210.803,169.073,52.70075,0,0,0,0,0,0,0,0,0,0,0,0
0,0,0,0,0,0,0,0,7,2,0,0,0,1047.694853,364.926888,209.5389706,0,0,0,0,0,0,0,0,0,0,0,0
0,0,0,0,0,0,0,0,8,3,0,0,2,301.46894,289.898806,150.73447,0,0,0,0,0,0,0,0,0,129.759119,124.184323,64.8795595
1,0,0,0,0,0,0,0,11,11,32.31662,0,2,37.69,11.198,5.384285714,0,0,0,0,0,0,0,0,0,35.134,25.489,17.567
0,0,0,0,0,0,0,0,10,5,0,0,1,126.111,119.312,63.0555,0,0,0,11.574,11.574,11.574,0,0,0,2.613,2.613,2.613
0,0,0,0,0,0,0,0,16,5,0,0,2,0,0,0,6.564,5.286,3.282,247.709,66.124,17.6935,0,0,0,18.851,17.984,9.4255
6,0,0,1,0,0,0,0,25,7,7.095108,0,0,0,0,0,0,0,0,0,0,0,0,0,0,0,0,0
0,0,0,2,0,2,0,2,11,5,0,0,5,0,0,0,0,0,0,0,0,0,0,0,0,139.362,59.762,27.8724
1,0,0,0,0,0,1,2,14,3,0,0,6,0,0,0,0,0,0,0,0,0,0,0,0,277.582,153.541,46.26366667
0,0,0,0,0,0,0,0,22,2,0,0,4,0,0,0,0,0,0,0,0,0,0,0,0,732.705,290.59266,112.5132732
0,0,0,0,0,0,0,0,15,3,0,0,3,10.402322,10.402322,10.402322,0,0,0,18.106277,18.106277,18.106277,0,0,0,50.11507,25.936307,16.70502333
0,0,0,0,0,0,0,0,7,6,0,0,0,0,0,0,0,0,0,294.101,99.918,49.01683333,0,0,0,0,0,0
3,6,0,0,0,0,0,0,12,1,0,3,0,836.904549,462.312042,139.4840915,0,0,0,0,0,0,34.788181,22.959516,11.59606033,0,0,0
0,0,0,0,0,0,0,0,11,4,0,0,0,6.662,6.662,6.662,0,0,0,279.939,84.794,17.4961875,0,0,0,0,0,0
0,0,0,0,0,0,0,0,13,9,0,0,2,121.76,29.189,13.52888889,0,0,0,0,0,0,0,0,0,15.406,9.607,7.703
0,0,0,0,0,0,0,0,9,2,0,0,2,0,0,0,0,0,0,7.247,5.736,3.6235,0,0,0,51.644,36.932,25.822
0,0,0,0,0,0,0,0,14,6,0,0,4,0,0,0,68.019,38.984,13.6038,56.761,37.233,14.19025,0,0,0,56.306,36.23,14.0765
0,0,0,0,0,0,0,0,11,4,0,0,0,101.948,95.29,25.487,0,0,0,61.932,43.831,12.3864,0,0,0,0,0,0
0,0,0,2,0,2,0,0,14,7,0,0,0,0,0,0,0,0,0,215.770183,127.303806,23.97446478,0,0,0,0,0,0
0,0,0,0,0,0,0,0,11,12,0,0,0,0,0,0,0,0,0,0,0,0,0,0,0,0,0,0
0,0,0,0,0,0,0,0,4,3,0,0,0,508.135528,244.201598,101.6271056,0,0,0,0,0,0,0,0,0,0,0,0
0,0,0,0,0,0,0,0,4,3,0,0,0,295.485413,275.319796,147.7427065,0,0,0,0,0,0,0,0,0,0,0,0
0,0,0,2,0,2,0,0,15,4,0,0,5,0,0,0,0,0,0,0,0,0,0,0,0,86.637,79.259,17.3274
1,0,0,0,0,0,0,0,13,5,0,0,0,193.68647,111.62903,96.843235,0,0,0,0,0,0,0,0,0,0,0,0
0,0,0,0,0,0,0,0,22,2,0,0,0,0,0,0,11.535269,5.823829,3.845089667,11.55015,8.572855,5.775075,0,0,0,0,0,0
0,0,0,3,0,3,0,5,12,6,0,0,21,10.904118,10.904118,10.904118,2.69618,1.647249,1.34809,0,0,0,0,0,0,240.302666,26.646194,11.4429841
0,0,0,0,0,0,0,0,14,3,0,0,0,0,0,0,220.727,76.976,15.76621429,6.072,6.072,6.072,0,0,0,0,0,0
0,0,0,0,0,0,0,0,9,4,0,0,0,274.413048,190.65298,54.8826096,0,0,0,0,0,0,0,0,0,0,0,0
0,0,0,0,0,0,0,0,11,5,0,0,14,0,0,0,0,0,0,0,0,0,0,0,0,116.841057,19.20862,8.345789786
0,0,0,0,0,0,0,0,6,1,0,0,0,911.767,334.479,151.9611667,0,0,0,0,0,0,0,0,0,0,0,0
0,0,0,0,0,0,0,1,14,4,0,0,2,9.214,9.214,9.214,107.016,92.537,53.508,0,0,0,0,0,0,69.504,53.627,34.752
0,0,0,0,0,0,0,0,9,5,0,0,0,173.573423,140.0778,86.7867115,0,0,0,0,0,0,0,0,0,0,0,0
0,0,0,0,0,0,0,0,8,2,0,0,0,626.481205,321.618554,125.296241,0,0,0,0,0,0,0,0,0,0,0,0
0,0,0,0,0,0,0,0,10,8,0,0,0,72.701837,72.701837,72.701837,10.913837,6.80223,3.637945667,17.981809,16.046877,8.9909045,0,0,0,0,0,0
0,0,0,0,0,0,0,1,12,1,0,0,1,30.370805,30.370805,30.370805,79.130904,32.794551,15.8261808,104.265466,38.867791,14.89506657,0,0,0,87.59109,87.59109,87.59109
0,0,0,0,0,0,0,0,18,6,0,0,1,0,0,0,0,0,0,87.563,24.605,9.729222222,0,0,0,19.717,19.717,19.717
7,5,40,0,0,0,0,0,8,8,0,8,0,0,0,0,0,0,0,0,0,0,114.448086,39.012472,14.30601075,0,0,0
0,0,0,0,0,0,0,0,10,6,0,0,1,181.597,85.477,36.3194,75.135,51.241,12.5225,0,0,0,0,0,0,159.341,159.341,112.5132732
0,0,0,0,0,0,0,1,14,2,0,0,2,187.161,170.204,93.5805,0,0,0,0,0,0,0,0,0,193.788,159.583,96.894
0,0,0,0,0,0,2,5,15,4,0,0,3,34.122,18.754,8.5305,48.745,15.461,6.963571429,0,0,0,0,0,0,99.867,92.031,33.289
0,0,0,1,0,1,0,0,11,7,0,0,0,0,0,0,0,0,0,0,0,0,0,0,0,0,0,0
0,0,0,0,0,0,0,0,7,3,0,0,0,439.576,138.776,43.9576,0,0,0,0,0,0,0,0,0,0,0,0
0,0,0,2,0,2,0,0,13,3,0,0,13,45.792,45.792,45.792,0,0,0,0,0,0,0,0,0,383.58,58.187,29.50615385
0,0,0,0,0,0,0,0,9,6,0,0,0,0,0,0,27.21697,8.907522,5.443394,110.963458,44.033436,22.1926916,0,0,0,0,0,0
0,0,0,0,0,0,0,0,6,3,0,0,0,7.696679,6.015794,2.565559667,152.740008,45.374413,8.984706353,0,0,0,0,0,0,0,0,0
1,0,0,0,0,0,0,0,4,5,0,0,0,489.267669,352.109147,244.6338345,0,0,0,0,0,0,0,0,0,0,0,0
0,0,0,0,0,0,0,0,18,5,0,0,0,0,0,0,0,0,0,0,0,0,0,0,0,0,0,0
0,0,0,0,0,0,0,0,9,1,0,0,0,1066.787,533.076,177.7978333,0,0,0,30.492,25.797,10.164,0,0,0,0,0,0
0,0,0,0,0,0,0,0,9,2,0,0,0,0,0,0,0,0,0,0,0,0,0,0,0,0,0,0
0,0,0,1,0,0,0,0,16,3,0,0,0,80.70298,80.70298,80.70298,0,0,0,20.437601,20.437601,20.437601,0,0,0,0,0,0
3,3,7,1,0,1,0,2,16,2,0,2,5,0,0,0,0,0,0,0,0,0,97.343,82.05,48.6715,192.435,77.818,38.487
0,0,0,0,0,0,0,0,22,2,0,0,4,0,0,0,0,0,0,0,0,0,0,0,0,732.705,290.59266,112.5132732
0,0,0,0,0,0,0,0,7,3,0,0,0,555.132261,383.745786,185.044087,0,0,0,0,0,0,0,0,0,0,0,0
0,0,0,0,0,0,0,0,7,3,0,0,0,206.900979,146.670929,68.966993,68.067056,43.171354,34.033528,0,0,0,0,0,0,0,0,0
0,0,0,0,0,0,0,0,9,2,0,0,0,208.876,208.876,208.876,0,0,0,270.155,138.84,38.59357143,0,0,0,0,0,0
0,0,0,0,0,0,0,0,14,4,0,0,0,124.064,58.583,31.016,0,0,0,0,0,0,0,0,0,0,0,0
0,0,0,1,1,0,0,0,15,2,0,0,0,267.964225,89.34404,29.77380278,177.295944,50.050574,17.7295944,0,0,0,0,0,0,0,0,0
0,0,0,0,0,0,0,0,8,3,0,0,0,643.548,368.911,128.7096,0,0,0,0,0,0,0,0,0,0,0,0
8,6,35,0,0,0,0,0,7,8,0,7,0,0,0,0,0,0,0,0,0,0,117.722574,79.38659,16.81751057,0,0,0
0,0,0,0,0,0,0,0,5,3,0,0,0,479.988,478.097,239.994,0,0,0,0,0,0,0,0,0,0,0,0
0,0,0,0,0,0,0,0,7,8,0,0,0,0,0,0,0,0,0,122.163,30.16,7.186058824,0,0,0,0,0,0
0,0,0,0,0,0,0,0,7,11,0,0,0,15.890805,11.15016,7.9454025,13.530024,10.758414,6.765012,0,0,0,0,0,0,0,0,0
1,0,0,0,0,0,0,0,11,7,0,0,0,29.094026,29.094026,29.094026,0,0,0,0,0,0,0,0,0,0,0,0
0,0,0,0,0,0,0,0,9,1,0,0,1,1039.009635,263.640638,64.93810219,0,0,0,0,0,0,0,0,0,34.234629,34.234629,34.234629
0,0,0,0,0,0,0,0,12,4,0,0,0,164.461,33.909,20.557625,0,0,0,152.557,41.504,13.86881818,0,0,0,0,0,0
2,0,0,4,0,3,0,0,22,4,0,0,0,0,0,0,0,0,0,59.551,58.891,29.7755,0,0,0,0,0,0
0,0,0,0,0,0,0,0,9,2,0,0,0,0,0,0,566.6173955,183.930981,28.75877143,0,0,0,0,0,0,0,0,0
0,0,0,1,1,0,0,0,13,6,0,0,2,0,0,0,0,0,0,0,0,0,0,0,0,44.202252,38.42188,22.101126
1,0,0,6,1,1,0,1,21,4,5.912232,0,5,32.421941,29.490865,16.2109705,5.034479,3.277455,2.5172395,0,0,0,0,0,0,40.551305,20.443832,8.110261
2,0,0,0,0,0,0,0,15,5,0,0,1,0,0,0,0,0,0,104.775,45.349,11.64166667,0,0,0,6.407,6.407,6.407
9,0,2,0,0,0,0,0,16,2,0,4,0,0,0,0,0,0,0,0,0,0,93.607118,73.671516,23.4017795,0,0,0
1,0,0,0,0,0,0,0,7,6,0,0,2,144.198226,56.162263,28.8396452,0,0,0,0,0,0,0,0,0,5.589776,5.394722,2.794888
0,0,0,0,0,0,0,0,9,5,0,0,0,0,0,0,0,0,0,0,0,0,0,0,0,0,0,0
0,0,0,0,0,0,0,0,9,5,0,0,0,213.685,212.957,106.8425,0,0,0,0,0,0,0,0,0,0,0,0
0,0,0,0,0,0,0,0,8,3,0,0,0,297.246,221.75,148.623,0,0,0,0,0,0,0,0,0,0,0,0
0,0,0,0,0,0,0,0,12,3,0,0,4,0,0,0,119.871,99.637,39.957,205.721,88.421,20.5721,0,0,0,51.645,24.591,12.91125
0,0,0,0,0,0,0,0,7,4,0,0,6,0,0,0,0,0,0,0,0,0,0,0,0,453.854,290.59266,75.64233333
0,0,0,0,0,0,0,0,11,5,0,0,0,10.854,10.854,10.854,0,0,0,0,0,0,0,0,0,0,0,0
0,0,0,0,0,0,0,0,5,7,0,0,0,23.195,13.127,5.79875,130.548,37.65,13.0548,0,0,0,0,0,0,0,0,0
0,0,0,0,0,0,0,0,11,12,0,0,0,0,0,0,0,0,0,0,0,0,0,0,0,0,0,0
0,0,0,0,0,0,0,0,11,4,0,0,0,0,0,0,0,0,0,0,0,0,0,0,0,0,0,0
0,0,0,0,0,0,0,0,12,4,0,0,0,0,0,0,31.767,27.825,10.589,0,0,0,0,0,0,0,0,0
0,0,0,0,0,0,0,0,10,4,0,0,0,0,0,0,0.529897,0.529897,0.529897,0,0,0,0,0,0,0,0,0
0,0,0,0,0,0,0,0,5,1,0,0,0,1153.755533,645.799727,302.0928378,0,0,0,0,0,0,0,0,0,0,0,0
0,0,0,0,0,0,0,0,13,2,0,0,0,464.76,406.183,232.38,0,0,0,0,0,0,0,0,0,0,0,0
0,0,0,0,0,0,0,0,11,15,0,0,0,0,0,0,0,0,0,12.564,11.936,6.282,0,0,0,0,0,0
4,0,2,0,0,0,0,0,10,4,0,7,0,0,0,0,0,0,0,0,0,0,76.767,44.716,10.96671429,0,0,0
0,0,0,0,0,0,0,0,8,6,0,0,0,49.685,38.214,24.8425,0,0,0,0,0,0,0,0,0,0,0,0
0,0,0,0,0,0,0,0,10,2,0,0,0,1715.346,603.843,302.0928378,3.013,3.013,3.013,0,0,0,0,0,0,0,0,0
0,0,0,3,0,0,0,0,16,3,0,0,1,2.23834,0.603712,0.447668,566.6173955,139.342359,17.82801202,0,0,0,0,0,0,37.52491,37.52491,37.52491
8,0,6,0,0,0,0,0,10,2,0,13,0,0,0,0,0,0,0,0,0,0,190.934,39.963,14.68723077,0,0,0
0,0,0,0,0,0,0,0,7,2,0,0,0,635.635955,267.871734,158.9089888,0,0,0,0,0,0,0,0,0,0,0,0
0,0,0,0,0,0,0,0,4,9,0,0,0,0,0,0,0,0,0,0,0,0,0,0,0,0,0,0
0,0,0,0,0,0,0,0,5,11,0,0,0,0,0,0,0,0,0,0,0,0,0,0,0,0,0,0
0,0,0,3,1,2,0,1,19,4,0,0,1,135.9409,63.076788,22.65681667,33.573786,21.936602,8.3934465,0,0,0,0,0,0,12.951232,12.951232,12.951232
0,0,1,0,0,0,0,0,10,3,0,3,0,0,0,0,9.027964,9.027964,9.027964,72.975058,55.18245,18.2437645,18.5179,8.401685,6.172633333,0,0,0
0,0,0,0,0,0,0,0,8,2,0,0,0,184.119,184.119,184.119,103.828,39.373,17.30466667,0,0,0,0,0,0,0,0,0
1,0,0,0,0,0,0,0,16,9,0,0,0,0,0,0,0,0,0,0,0,0,0,0,0,0,0,0
0,0,0,0,0,0,0,0,6,12,0,0,0,0,0,0,0,0,0,0,0,0,0,0,0,0,0,0
0,0,0,0,0,0,0,0,8,7,0,0,0,0,0,0,0,0,0,0,0,0,0,0,0,0,0,0
0,0,0,0,0,0,0,0,10,4,0,0,0,264.731937,114.118227,29.41465967,65.231264,65.231264,65.231264,25.087359,21.842084,8.362453,0,0,0,0,0,0
1,0,0,6,2,3,0,0,28,4,0,0,0,0,0,0,0,0,0,0,0,0,0,0,0,0,0,0
0,0,0,0,0,0,0,0,12,4,0,0,0,293.399,181.091,58.6798,0,0,0,85.644,48.328,21.411,0,0,0,0,0,0
0,0,0,0,0,0,2,8,9,5,0,0,7,0,0,0,0,0,0,143.886,39.714,11.9905,0,0,0,208.205,75.392,29.74357143
0,0,0,0,0,0,0,0,11,5,0,0,0,0,0,0,0,0,0,151.917,65.322,18.989625,0,0,0,0,0,0
0,0,0,0,0,0,0,0,7,3,0,0,0,18.905,18.905,18.905,253.433,68.144,50.6866,0,0,0,0,0,0,0,0,0
0,0,0,0,0,0,0,0,22,2,0,0,0,0,0,0,0,0,0,161.36695,72.094669,26.89449167,0,0,0,0,0,0
0,0,0,2,0,1,0,0,13,9,0,0,7,0,0,0,6.577,5.064,3.2885,0,0,0,0,0,0,82.497,32.839,11.78528571
0,0,0,0,0,0,0,0,14,9,0,0,0,0,0,0,0,0,0,0,0,0,0,0,0,0,0,0
0,0,0,0,0,0,0,0,14,3,0,0,0,0,0,0,0,0,0,0,0,0,0,0,0,0,0,0
0,0,0,0,0,0,0,0,11,4,0,0,0,0,0,0,16.914186,16.914186,16.914186,0,0,0,0,0,0,0,0,0
0,0,0,0,0,0,0,0,6,5,0,0,0,0,0,0,0,0,0,0,0,0,0,0,0,0,0,0
0,0,0,0,0,0,0,0,11,2,0,0,0,673.319,391.96,112.2198333,0,0,0,0,0,0,0,0,0,0,0,0
0,0,0,0,0,0,0,4,13,5,0,0,3,58.558551,55.096916,14.63963775,0,0,0,17.992426,6.710944,2.570346571,0,0,0,25.930535,11.749983,8.643511667
0,0,0,3,0,0,0,0,16,3,0,0,1,2.23834,0.603712,0.447668,566.6173955,139.342359,17.82801202,0,0,0,0,0,0,37.52491,37.52491,37.52491
0,0,0,0,0,0,0,3,8,3,0,0,7,0,0,0,0,0,0,0,0,0,0,0,0,759.480833,290.59266,108.4972619
0,0,0,0,0,0,0,0,9,6,0,3,0,0,0,0,2.653407,1.40727,1.3267035,0,0,0,6.117488,4.343641,2.039162667,0,0,0
0,0,0,0,0,0,0,0,5,2,0,0,0,819.603065,530.001577,302.0928378,0,0,0,0,0,0,0,0,0,0,0,0
0,0,0,0,0,0,0,0,12,5,0,0,3,3.426,3.426,3.426,0,0,0,12.739,12.739,12.739,0,0,0,83.103,67.355,27.701
0,0,0,0,0,0,0,0,7,1,0,0,3,951.046,304.326,95.1046,0,0,0,181.464,157.0564973,65.54033008,0,0,0,640.614,290.59266,112.5132732
0,0,0,0,0,0,0,0,12,1,0,0,0,233.086,233.086,233.086,0,0,0,83.982,26.074,10.49775,0,0,0,0,0,0
0,0,0,0,0,0,0,0,5,5,0,0,0,303.668465,121.206751,43.38120929,0,0,0,0,0,0,0,0,0,0,0,0
0,0,0,0,0,0,0,0,7,3,0,0,0,0,0,0,0,0,0,0,0,0,0,0,0,0,0,0
0,0,0,0,0,0,0,0,12,3,0,0,0,230.259,95.378,57.56475,0,0,0,0,0,0,0,0,0,0,0,0
0,0,0,0,0,0,0,0,7,1,0,0,0,497.566,388.447,165.8553333,0,0,0,0,0,0,0,0,0,0,0,0
0,0,0,0,0,0,0,0,6,5,0,0,0,248.206111,154.089217,49.6412222,0,0,0,0,0,0,0,0,0,0,0,0
0,0,0,0,0,0,0,0,8,7,0,0,0,199.839,113.114,39.9678,0,0,0,0,0,0,0,0,0,0,0,0
0,0,15,0,0,0,0,0,17,2,0,4,2,14.194,14.194,14.194,35.511,34.461,17.7555,0,0,0,121.263,67.262,30.31575,42.282,38.25,21.141
1,0,0,1,0,1,0,0,15,6,0,0,9,0,0,0,0,0,0,0,0,0,0,0,0,169.807588,79.355369,18.86750978
0,0,0,0,0,0,0,0,15,1,0,0,0,183.074,72.025,36.6148,0,0,0,0,0,0,0,0,0,0,0,0
0,0,0,0,0,0,0,1,16,6,0,0,9,6.526,3.788,3.263,0,0,0,129.036,24.426,9.216857143,0,0,0,136.955,42.944,15.21722222
0,0,0,1,0,1,0,0,10,5,0,0,0,289.627,85.674,41.37528571,0,0,0,0,0,0,0,0,0,0,0,0
6,6,2,0,0,0,0,0,12,7,0,1,0,0,0,0,2.787,2.253,1.3935,0,0,0,42.48,42.48,42.48,0,0,0
0,0,0,0,0,0,0,0,7,4,0,0,0,321.210041,122.887028,32.1210041,0,0,0,29.490618,20.185435,14.745309,0,0,0,0,0,0
0,0,0,0,0,0,0,0,10,5,0,0,0,87.537437,87.537437,87.537437,0,0,0,0,0,0,0,0,0,0,0,0
0,0,0,0,0,0,0,0,10,8,0,0,8,0,0,0,0,0,0,0,0,0,0,0,0,199.882,56.567,24.98525
0,0,0,0,0,0,0,0,11,6,0,0,2,0,0,0,89.313,48.095,29.771,201.296,157.0564973,65.54033008,0,0,0,1.954,1.306,0.977
0,0,0,5,0,2,0,0,16,5,0,0,1,284.973,111.08,28.4973,0,0,0,0,0,0,0,0,0,17.983,17.983,17.983
9,0,0,0,0,0,0,0,15,3,0,1,0,0,0,0,148.123,26.798,10.58021429,8.55,7.587,4.275,10.878,10.878,10.878,0,0,0
0,0,0,0,0,0,0,0,9,3,0,0,0,649.479,437.415,81.184875,0,0,0,0,0,0,0,0,0,0,0,0
0,0,0,0,0,0,0,0,11,5,0,3,0,0,0,0,0,0,0,0,0,0,102.014326,66.975323,34.00477533,0,0,0
0,0,0,2,1,1,0,10,8,13,0,0,11,0,0,0,0,0,0,0,0,0,0,0,0,199.67986,50.278123,18.15271455
1,0,0,3,0,2,0,0,16,6,0,0,0,0,0,0,0,0,0,43.456,42.559,21.728,0,0,0,0,0,0
0,0,0,0,0,0,0,0,18,1,0,0,0,102.359,55.265,51.1795,0,0,0,217.154,35.574,9.870636364,0,0,0,0,0,0
0,0,0,0,0,0,0,0,13,5,0,0,2,30.316216,25.923193,10.10540533,0,0,0,221.056474,100.105863,15.78974814,0,0,0,49.484365,43.782951,24.7421825
0,0,0,1,1,0,0,1,10,4,0,0,7,0,0,0,0,0,0,0,0,0,0,0,0,315.759772,250.499522,45.10853886
4,0,1,0,0,0,0,0,17,4,0,3,0,65.64,54.173,32.82,195.312,56.99,10.85066667,0,0,0,17.108,12.313,5.702666667,0,0,0
0,0,0,0,0,0,0,0,9,6,0,0,0,0,0,0,27.21697,8.907522,5.443394,110.963458,44.033436,22.1926916,0,0,0,0,0,0
0,0,0,0,0,0,0,0,3,9,0,0,0,0,0,0,0,0,0,0,0,0,0,0,0,0,0,0
6,4,0,0,0,0,0,0,22,3,0,0,0,0,0,0,0,0,0,0,0,0,0,0,0,0,0,0
0,0,0,0,0,0,0,0,7,2,0,0,0,592.594705,476.477287,148.1486763,0,0,0,0,0,0,0,0,0,0,0,0
0,0,0,0,0,0,0,1,11,5,0,0,2,209.480762,163.182657,104.740381,0,0,0,0,0,0,0,0,0,26.133968,15.491294,13.066984
0,0,0,0,0,0,0,0,9,4,0,0,0,0,0,0,14.125693,10.336695,7.0628465,126.247208,56.980776,21.04120133,0,0,0,0,0,0
0,0,0,0,0,0,0,0,8,5,0,0,0,133.659428,69.51152,22.27657133,0,0,0,0,0,0,0,0,0,0,0,0
0,0,0,0,0,0,0,0,8,3,0,0,0,0,0,0,0,0,0,0,0,0,0,0,0,0,0,0
0,0,0,0,0,0,0,0,8,6,0,0,0,0,0,0,0,0,0,0,0,0,0,0,0,0,0,0
0,0,0,0,0,0,0,0,7,4,9.047,0,0,411.451,260.434,102.86275,0,0,0,0,0,0,0,0,0,0,0,0
0,0,0,0,0,0,0,0,6,3,0,0,0,0,0,0,144.496652,80.819233,24.08277533,479.0816173,157.0564973,65.54033008,0,0,0,0,0,0
0,0,0,2,1,1,0,0,8,5,0,0,0,0,0,0,0,0,0,0,0,0,0,0,0,0,0,0
0,0,0,0,0,0,0,0,8,4,0,0,0,174.506133,174.506133,174.506133,42.450702,16.721194,14.150234,0,0,0,0,0,0,0,0,0
0,0,0,0,0,0,0,0,2,4,0,0,0,650.533513,602.090205,162.6333783,0,0,0,0,0,0,0,0,0,0,0,0
0,0,0,0,0,0,0,0,7,3,0,0,0,439.576,138.776,43.9576,0,0,0,0,0,0,0,0,0,0,0,0
0,0,0,0,0,0,0,0,9,2,0,0,0,557.294,148.162,69.66175,12.617,12.617,12.617,0.567,0.567,0.567,0,0,0,0,0,0
0,0,0,0,0,0,0,0,7,6,0,0,0,0,0,0,75.986813,40.17058,12.66446883,0,0,0,0,0,0,0,0,0
2,0,0,0,0,0,0,0,15,2,0,0,0,162.281,85.981,54.09366667,49.133,49.133,49.133,0,0,0,0,0,0,0,0,0
0,0,0,0,0,0,0,0,7,2,0,0,0,331.787,187.857,82.94675,0,0,0,0,0,0,0,0,0,0,0,0
0,0,0,0,0,0,0,0,13,3,0,0,5,115.342,108.202,38.44733333,0,0,0,0,0,0,0,0,0,166.446,73.472,33.2892
0,0,0,0,0,0,0,0,6,10,0,0,0,166.826907,81.03878,55.608969,25.713014,14.933474,12.856507,0,0,0,0,0,0,0,0,0
0,0,0,0,0,0,0,0,10,3,0,0,0,165.711,65.988,33.1422,34.397,34.397,34.397,0,0,0,0,0,0,0,0,0
0,0,0,0,0,0,0,0,11,7,32.31662,0,0,0,0,0,0,0,0,0,0,0,0,0,0,0,0,0
1,0,0,0,0,0,0,0,10,3,0,0,0,114.402,45.924,12.71133333,0,0,0,0,0,0,0,0,0,0,0,0
1,0,0,0,0,0,0,0,17,3,0,0,0,89.833,70.182,29.94433333,0,0,0,0,0,0,0,0,0,0,0,0
0,0,0,0,0,0,0,0,7,2,0,0,0,599.125045,166.927819,59.9125045,0,0,0,51.478362,44.95894,25.739181,0,0,0,0,0,0
0,0,0,0,0,0,0,0,7,2,0,0,2,483.146498,289.269771,241.573249,0,0,0,0,0,0,0,0,0,94.759613,93.399371,47.3798065
0,0,0,0,0,0,0,0,10,6,0,0,1,181.597,85.477,36.3194,75.135,51.241,12.5225,0,0,0,0,0,0,159.341,159.341,112.5132732
0,0,0,1,0,0,0,0,27,3,0,0,0,0,0,0,0,0,0,68.272,40.544,34.136,0,0,0,0,0,0
0,0,9,0,0,0,0,0,11,5,0,3,0,0,0,0,0,0,0,125.99,78.555,20.99833333,47.253,25.048,15.751,0,0,0
0,0,0,0,0,0,0,0,8,6,0,0,0,0,0,0,0,0,0,0,0,0,0,0,0,0,0,0
0,0,0,0,0,0,0,0,5,2,0,0,0,1055.380377,740.383485,302.0928378,0,0,0,0,0,0,0,0,0,0,0,0
0,0,0,0,0,0,0,0,10,2,0,0,1,533.037,144.119,53.3037,0,0,0,0,0,0,0,0,0,14.61,14.61,14.61
0,0,0,0,0,0,0,0,8,3,0,0,0,532.37906,186.399441,66.5473825,0,0,0,92.431365,92.431365,65.54033008,0,0,0,0,0,0
7,0,7,0,0,0,0,0,6,4,0,2,0,0,0,0,0,0,0,0,0,0,255.70899,142.89777,52.64037031,0,0,0
5,0,0,0,0,0,0,0,8,4,0,0,0,0,0,0,0,0,0,0,0,0,0,0,0,0,0,0
0,0,0,0,0,0,0,0,17,4,0,0,3,41.715,26.287,8.343,0,0,0,78.302,35.754,19.5755,0,0,0,122.69,58.436,40.89666667
0,0,0,0,0,0,0,0,11,4,0,0,0,55.481,55.481,55.481,0,0,0,17.817,15.403,8.9085,0,0,0,0,0,0
1,0,0,0,0,0,0,0,4,26,0,0,0,0,0,0,0,0,0,0,0,0,0,0,0,0,0,0
0,0,0,0,0,0,0,0,8,2,0,0,0,730.111,284.436,121.6851667,0,0,0,0,0,0,0,0,0,0,0,0
0,0,0,0,0,0,0,0,7,5,0,0,0,162.795,88.541,40.69875,78.851,48.218,39.4255,0,0,0,0,0,0,0,0,0
0,0,3,0,0,0,0,0,6,4,0,7,0,0,0,0,0,0,0,0,0,0,76.741,21.44,10.963,0,0,0
0,0,0,0,0,0,0,0,10,4,0,0,0,192.443786,113.057981,64.14792867,10.398326,10.398326,10.398326,0,0,0,0,0,0,0,0,0
0,0,0,0,0,0,0,0,5,4,0,0,0,0,0,0,0,0,0,414.162,157.0564973,65.54033008,0,0,0,0,0,0
0,0,0,0,0,0,0,0,14,3,0,0,17,0,0,0,0,0,0,26.291354,11.857695,4.381892333,0,0,0,297.736294,57.941281,17.51389965
0,0,0,0,0,0,0,0,7,2,0,0,0,349.893733,231.979325,87.47343325,0,0,0,0,0,0,0,0,0,0,0,0
0,0,0,0,0,0,0,0,13,4,0,0,0,0,0,0,145.59,59.329,24.265,98.925,34.924,9.8925,0,0,0,0,0,0
0,0,0,0,0,0,0,0,7,9,0,0,0,128.117632,106.452265,42.70587733,0,0,0,0,0,0,0,0,0,0,0,0
3,0,0,2,0,1,0,0,16,4,0,0,2,0,0,0,4.4456,4.4456,4.4456,0,0,0,0,0,0,62.054951,59.64495,31.0274755
0,0,0,0,0,0,0,0,8,3,0,0,0,0,0,0,33.837,19.761,16.9185,0,0,0,0,0,0,0,0,0
3,0,0,0,0,0,0,0,20,3,0,0,1,0,0,0,0,0,0,8.872,8.872,8.872,0,0,0,15.287,15.287,15.287
0,0,0,0,0,0,0,0,12,4,0,0,1,220.628,131.931,44.1256,4.693,4.693,4.693,0,0,0,0,0,0,4.031,4.031,4.031
0,0,0,0,0,0,0,0,8,4,0,0,0,0,0,0,0,0,0,20.839,20.839,20.839,0,0,0,0,0,0
0,0,0,0,0,0,0,0,7,4,0,0,6,0,0,0,0,0,0,0,0,0,0,0,0,453.854,290.59266,75.64233333
4,4,0,0,0,0,0,0,16,6,0,5,0,0,0,0,0,0,0,0,0,0,58.617601,21.611952,11.7235202,0,0,0
0,0,0,0,0,0,0,0,9,4,0,0,0,0,0,0,14.125693,10.336695,7.0628465,126.247208,56.980776,21.04120133,0,0,0,0,0,0
0,0,0,0,0,0,0,0,14,2,0,0,0,228.890144,228.890144,228.890144,102.868221,56.116895,25.71705525,99.285437,92.587523,33.09514567,0,0,0,0,0,0
0,0,0,0,0,0,0,1,10,4,0,0,1,0,0,0,0,0,0,0,0,0,0,0,0,20.975277,20.975277,20.975277
0,0,0,0,0,0,0,0,11,7,0,0,1,0,0,0,89.261382,33.807314,12.751626,0,0,0,0,0,0,18.901996,18.901996,18.901996
0,0,0,0,0,0,0,0,9,2,0,0,0,5.906,3.902,2.953,566.6173955,183.930981,38.07688235,43.832,16.924,10.958,0,0,0,0,0,0
0,0,0,0,0,0,0,2,8,7,0,0,10,0,0,0,0,0,0,0,0,0,0,0,0,309.835015,73.987608,30.9835015
0,0,0,0,0,0,0,0,7,5,0,0,3,358.096,132.454,89.524,0,0,0,0,0,0,0,0,0,65.712,56.737,21.904
0,0,0,2,0,2,0,0,10,7,0,0,6,0,0,0,17.873609,17.873609,17.873609,0,0,0,0,0,0,74.062135,26.856972,12.34368917
0,0,0,0,0,0,0,0,7,18,0,0,0,60.56,15.263,5.046666667,0,0,0,0,0,0,0,0,0,0,0,0
0,0,0,4,1,3,0,0,17,7,0,0,1,80.171877,45.212301,26.723959,0,0,0,87.939419,73.856851,43.9697095,0,0,0,4.813651,4.813651,4.813651
0,0,0,0,0,0,0,0,2,10,0,0,0,1.814931,1.814931,1.814931,0,0,0,0,0,0,0,0,0,0,0,0
0,0,0,6,1,3,0,0,16,7,0,0,5,0,0,0,0,0,0,0,0,0,0,0,0,193.597056,141.523975,38.7194112
9,0,0,0,0,0,0,0,19,6,0,9,0,0,0,0,0,0,0,71.953011,24.644232,10.27900157,75.305063,19.567289,8.367229222,0,0,0
0,0,0,0,0,0,0,0,9,4,0,0,0,20.599733,20.599733,20.599733,0,0,0,20.903366,8.923036,5.2258415,0,0,0,0,0,0
0,0,0,0,0,0,0,0,15,2,0,0,0,441.187,197.905,36.76558333,0,0,0,0,0,0,0,0,0,0,0,0
0,0,0,0,0,0,0,0,13,4,0,0,0,0,0,0,4.276,4.276,4.276,73.753,51.456,12.29216667,0,0,0,0,0,0
0,0,0,0,0,0,0,0,10,4,32.31662,0,6,0,0,0,47.53,18.105,4.753,0,0,0,0,0,0,51.965,26.371,8.660833333
0,0,0,0,0,0,0,0,11,5,0,0,0,0,0,0,0,0,0,151.917,65.322,18.989625,0,0,0,0,0,0
0,0,0,0,0,0,0,0,8,3,0,0,0,657.523,401.549,219.1743333,0,0,0,0,0,0,0,0,0,0,0,0
0,0,0,0,0,0,0,0,7,4,0,0,0,0,0,0,0,0,0,0,0,0,0,0,0,0,0,0
0,0,0,0,0,0,0,0,4,14,0,0,0,0,0,0,0,0,0,0,0,0,0,0,0,0,0,0
0,0,0,0,0,0,0,0,9,2,0,0,0,812.913,453.99,203.22825,0,0,0,0,0,0,0,0,0,0,0,0
0,0,0,1,1,0,0,10,12,1,0,0,12,8.959909,8.959909,8.959909,0,0,0,0,0,0,0,0,0,896.83126,266.644322,84.56214517
0,0,0,5,0,3,0,0,10,5,0,0,10,0,0,0,0,0,0,0,0,0,0,0,0,313.611832,161.799508,31.3611832
0,0,0,0,0,0,0,0,12,3,0,0,0,208.220827,42.202513,18.92916609,3.382929,3.382929,3.382929,11.541315,11.541315,11.541315,0,0,0,0,0,0
0,0,0,0,0,0,0,0,7,4,0,0,0,121.555,87.509,30.38875,0,0,0,0,0,0,0,0,0,0,0,0
0,0,0,0,0,0,0,0,11,5,0,0,0,0,0,0,0,0,0,0,0,0,0,0,0,0,0,0
0,0,0,0,0,0,0,1,12,4,0,0,4,47.230498,42.506033,23.615249,4.356115,4.356115,4.356115,30.07674,30.07674,30.07674,0,0,0,98.124499,44.919551,24.53112475
0,0,0,0,0,0,0,0,9,6,0,0,0,205.483,101.228,41.0966,68.857,18.326,11.47616667,71.839,71.839,65.54033008,0,0,0,0,0,0
0,0,0,0,0,0,0,0,7,6,0,0,0,0,0,0,60.363833,45.855433,15.09095825,0,0,0,0,0,0,0,0,0
0,0,0,0,0,0,0,0,12,3,0,0,0,327.702,130.459,40.96275,0,0,0,0,0,0,0,0,0,0,0,0
0,0,0,0,0,0,0,0,9,9,0,0,0,0,0,0,0,0,0,117.873,99.789,23.5746,0,0,0,0,0,0
0,0,0,1,0,1,0,0,14,3,0,0,0,436.109466,125.165345,72.684911,0,0,0,0,0,0,0,0,0,0,0,0
7,6,0,0,0,0,0,0,12,8,0,3,0,0,0,0,0,0,0,0,0,0,35.092326,20.242306,11.697442,0,0,0
0,0,0,0,0,0,0,0,21,4,0,0,0,0,0,0,0,0,0,0,0,0,0,0,0,0,0,0
0,0,3,0,0,0,0,0,6,4,0,7,0,0,0,0,0,0,0,0,0,0,76.741,21.44,10.963,0,0,0
0,0,0,0,0,0,0,0,13,2,0,0,1,41.518431,41.518431,41.518431,0,0,0,0,0,0,0,0,0,23.110207,23.110207,23.110207
1,0,0,2,0,2,0,0,9,7,0,0,0,0,0,0,0,0,0,0,0,0,0,0,0,0,0,0
0,0,0,0,0,0,0,0,6,1,0,0,0,1720.320687,551.530844,286.7201145,0,0,0,0,0,0,0,0,0,0,0,0
0,0,0,0,0,0,0,0,13,2,0,0,0,218.224,216.437,109.112,29.66,29.66,29.66,0,0,0,0,0,0,0,0,0
1,0,0,0,0,0,0,0,11,7,0,0,0,29.094026,29.094026,29.094026,0,0,0,0,0,0,0,0,0,0,0,0
4,0,0,0,0,0,0,1,14,3,0,11,2,0,0,0,0,0,0,0,0,0,130.141396,48.656859,11.831036,50.018509,39.154914,25.0092545
0,0,0,0,0,0,0,0,9,5,0,0,0,0,0,0,0,0,0,19.327567,19.327567,19.327567,0,0,0,0,0,0
0,0,0,0,0,0,0,0,21,2,0,0,2,102.509,74.736,51.2545,0,0,0,0,0,0,0,0,0,7.515,5.916,3.7575
0,0,0,0,0,0,0,0,8,9,0,0,0,0,0,0,0,0,0,22.534238,9.924891,3.219176857,0,0,0,0,0,0
0,0,0,0,0,0,0,0,10,4,0,0,0,238.829489,88.428081,59.70737225,0,0,0,0,0,0,0,0,0,0,0,0
0,0,0,0,0,0,0,0,5,6,0,0,0,283.621972,95.134367,56.7243944,0,0,0,0,0,0,0,0,0,0,0,0
1,0,0,0,0,0,0,0,13,3,8.481,0,0,0,0,0,15.896,14.907,7.948,0,0,0,0,0,0,0,0,0
0,0,0,0,0,0,0,0,9,6,0,1,0,197.786632,95.196039,28.25523314,0,0,0,21.893723,20.979296,10.9468615,16.992613,16.992613,16.992613,0,0,0
0,0,0,0,0,0,0,2,8,4,0,0,1,63.238188,33.893796,21.079396,193.626716,107.449881,64.54223867,0,0,0,0,0,0,24.3099,24.3099,24.3099
0,0,0,0,0,0,0,0,11,5,0,0,0,0,0,0,0,0,0,98.339137,24.190299,12.29239213,0,0,0,0,0,0
1,0,0,2,0,1,0,3,14,4,0,0,4,168.441782,88.273449,84.220891,0,0,0,0,0,0,0,0,0,65.587026,32.80197,16.3967565
0,0,0,0,0,0,0,0,6,1,0,0,0,1990.761,540.698,199.0761,0,0,0,0,0,0,0,0,0,0,0,0
0,0,0,0,0,0,0,0,8,5,0,0,0,312.42,138.773,104.14,66.412,44.582,16.603,0,0,0,0,0,0,0,0,0
0,0,0,0,0,0,0,0,13,2,0,0,0,218.224,216.437,109.112,29.66,29.66,29.66,0,0,0,0,0,0,0,0,0
0,0,0,0,0,0,0,0,13,2,0,0,0,86.309,52.685,28.76966667,34.357,21.167,17.1785,33.911,33.911,33.911,0,0,0,0,0,0
0,0,0,0,0,0,0,0,12,5,0,0,3,52.376886,52.376886,52.376886,30.52335,17.824475,10.17445,0,0,0,0,0,0,100.272745,72.250088,33.42424833
0,0,0,0,0,0,0,0,8,6,0,0,0,266.723189,75.254438,44.45386483,0,0,0,0,0,0,0,0,0,0,0,0
0,0,0,0,0,0,0,6,14,2,0,0,6,96.609324,64.943965,32.203108,0,0,0,0,0,0,0,0,0,147.626896,85.189421,24.60448267
0,0,0,0,0,0,0,0,8,5,0,0,0,226.301216,131.463046,56.575304,0,0,0,0,0,0,0,0,0,0,0,0
0,0,0,0,0,0,0,0,10,5,0,0,0,0,0,0,0,0,0,66.662,30.419,16.6655,0,0,0,0,0,0
0,0,0,0,0,0,0,0,8,2,0,0,0,0,0,0,0,0,0,0,0,0,0,0,0,0,0,0
0,0,0,0,0,0,0,0,9,4,0,0,0,396.262,127.4,99.0655,49.88,49.88,49.88,0,0,0,0,0,0,0,0,0
0,0,0,0,0,0,0,0,9,6,0,0,0,416.814,189.975,46.31266667,0,0,0,0,0,0,0,0,0,0,0,0
0,0,0,0,0,0,0,0,5,5,0,0,0,465.258051,195.611368,77.5430085,0,0,0,0,0,0,0,0,0,0,0,0
0,0,0,0,0,0,0,0,14,6,0,0,0,49.474,23.795,16.49133333,0,0,0,0,0,0,0,0,0,0,0,0
0,0,0,2,0,1,0,0,10,3,0,0,1,94.593892,78.351375,47.296946,0,0,0,0,0,0,0,0,0,1.507057,1.507057,1.507057
2,0,18,0,0,0,0,0,14,3,0,1,0,25.095,25.095,25.095,0,0,0,0,0,0,190.844,142.89777,52.64037031,0,0,0
0,0,0,0,0,0,0,0,9,10,0,0,0,50.363,37.433,12.59075,0,0,0,0,0,0,0,0,0,0,0,0
0,0,0,0,0,0,0,0,7,9,0,0,0,250.744133,78.271467,27.86045922,0,0,0,0,0,0,0,0,0,0,0,0
0,0,0,0,0,0,0,0,12,5,0,0,1,0,0,0,0,0,0,133.134,26.124,7.396333333,0,0,0,9.886,9.886,9.886
4,3,0,0,0,0,0,0,8,7,0,5,0,0,0,0,0,0,0,0,0,0,52.457974,34.178135,10.4915948,0,0,0
0,0,1,0,0,0,0,0,15,3,0,3,0,0,0,0,30.279,25.863,15.1395,123.312,45.107,12.3312,36.002,17.821,12.00066667,0,0,0
0,0,0,0,0,0,0,0,6,4,0,0,0,489.813,253.53,81.6355,0,0,0,0,0,0,0,0,0,0,0,0
0,0,0,0,0,0,0,0,12,5,0,0,0,255.4653,57.340351,18.24752143,0,0,0,40.390179,9.383342,6.7316965,0,0,0,0,0,0
0,0,0,0,0,0,0,0,8,2,0,0,0,626.481205,321.618554,125.296241,0,0,0,0,0,0,0,0,0,0,0,0
0,0,0,0,0,0,0,5,13,5,0,0,7,0,0,0,11.011958,4.992873,2.7529895,0,0,0,0,0,0,126.907991,36.10377,18.129713
5,0,0,0,0,0,0,0,9,1,0,24,0,0,0,0,0,0,0,0,0,0,274.059628,20.323035,4.152418606,0,0,0
0,0,0,0,0,0,0,0,11,2,0,0,0,0,0,0,309.940337,65.061169,23.84156438,0,0,0,0,0,0,0,0,0
0,0,0,0,0,0,0,0,4,4,0,0,0,709.144222,483.97377,236.3814073,0,0,0,0,0,0,0,0,0,0,0,0
0,0,0,4,0,3,0,0,20,12,0,0,0,0,0,0,121.212267,116.752649,30.30306675,0,0,0,0,0,0,0,0,0
0,0,0,0,0,0,0,4,9,1,0,0,3,704.189013,245.018917,117.3648355,0,0,0,0,0,0,0,0,0,689.394432,290.59266,112.5132732
0,0,0,0,0,0,0,0,15,7,0,0,2,0,0,0,0,0,0,0,0,0,0,0,0,69.750431,58.746761,34.8752155
0,0,0,0,0,0,0,0,9,4,0,0,0,0,0,0,0,0,0,72.699878,25.399906,14.5399756,0,0,0,0,0,0
0,0,0,0,0,0,0,0,7,3,0,0,0,729.559,473.663,145.9118,0,0,0,0,0,0,0,0,0,0,0,0
0,0,0,0,0,0,0,0,18,4,0,0,0,0,0,0,0,0,0,0,0,0,0,0,0,0,0,0
0,0,0,0,0,0,0,0,8,2,0,0,0,766.127618,381.247316,76.6127618,0,0,0,55.579052,32.06611,11.1158104,0,0,0,0,0,0
0,0,0,0,0,0,0,0,14,4,0,0,0,108.629887,81.54978,27.15747175,24.3918,24.3918,24.3918,0,0,0,0,0,0,0,0,0
0,0,0,0,0,0,0,0,5,3,0,0,0,574.286992,210.016921,191.4289973,0,0,0,0,0,0,0,0,0,0,0,0
0,0,0,0,0,0,0,0,7,11,0,0,0,42.286264,42.286264,42.286264,0,0,0,0,0,0,0,0,0,0,0,0
0,0,0,0,0,0,0,0,9,6,0,0,0,134.665,51.186,19.23785714,0,0,0,0,0,0,0,0,0,0,0,0
0,0,0,0,0,0,0,0,8,4,0,0,0,0,0,0,159.419702,48.876486,19.92746275,0,0,0,0,0,0,0,0,0
0,0,0,2,0,1,0,0,16,6,30.913,0,7,0,0,0,21.492,7.313,5.373,0,0,0,0,0,0,105.545,26.701,15.07785714
0,0,0,0,0,0,0,0,17,2,0,0,0,225.06026,98.009142,56.265065,110.275003,34.585153,12.25277811,12.449545,9.415821,6.2247725,0,0,0,0,0,0
0,0,0,0,0,0,0,0,8,8,0,0,1,0,0,0,61.398,20.927,10.233,0,0,0,0,0,0,49.382,49.382,49.382
0,0,0,0,0,0,0,0,14,2,0,0,1,0,0,0,180.913637,117.357823,60.30454567,71.757897,24.409385,10.25112814,0,0,0,90.684695,90.684695,90.684695
0,0,0,1,0,0,0,0,11,2,0,0,0,751.865,751.865,302.0928378,403.07,162.156,75.09486667,0,0,0,0,0,0,0,0,0
0,0,0,0,0,0,0,0,17,8,0,0,0,1.408,1.351,0.704,0,0,0,0,0,0,0,0,0,0,0,0
0,0,0,0,0,0,0,0,14,4,0,0,0,0,0,0,0,0,0,140.069476,79.559785,28.0138952,0,0,0,0,0,0
0,0,0,0,0,0,0,0,9,6,0,0,0,126.681248,45.070844,21.11354133,0,0,0,0,0,0,0,0,0,0,0,0
0,0,0,4,0,3,0,0,12,2,0,0,0,763.238977,266.393349,152.6477954,0,0,0,0,0,0,0,0,0,0,0,0
0,0,0,0,0,0,0,0,8,2,0,0,0,626.481205,321.618554,125.296241,0,0,0,0,0,0,0,0,0,0,0,0
0,0,0,0,0,0,0,0,6,6,0,0,0,179.043071,110.289033,89.5215355,0,0,0,0,0,0,0,0,0,0,0,0
3,0,0,0,0,0,0,0,11,4,0,0,0,0,0,0,3.257507,3.257507,3.257507,0,0,0,0,0,0,0,0,0
0,0,0,0,0,0,0,0,14,2,0,0,2,159.44,159.44,159.44,35.336,19.029,11.77866667,121.719,34.835,15.214875,0,0,0,6.025,3.417,3.0125
0,0,0,0,0,0,0,0,9,5,0,0,0,0,0,0,0,0,0,278.283,81.529,46.3805,0,0,0,0,0,0
0,0,0,0,0,0,2,2,11,6,0,0,5,0,0,0,0,0,0,0,0,0,0,0,0,154.919,93.303,30.9838
0,0,0,0,0,0,0,0,8,2,0,0,0,184.119,184.119,184.119,103.828,39.373,17.30466667,0,0,0,0,0,0,0,0,0
0,0,0,1,0,1,0,0,10,5,0,0,0,289.627,85.674,41.37528571,0,0,0,0,0,0,0,0,0,0,0,0
0,0,0,1,1,0,0,0,15,2,0,0,0,267.964225,89.34404,29.77380278,177.295944,50.050574,17.7295944,0,0,0,0,0,0,0,0,0
0,0,0,0,0,0,0,0,6,3,0,0,0,509.228,261.836,127.307,84.185,39.623,16.837,0,0,0,0,0,0,0,0,0
0,0,0,0,0,0,0,0,12,5,0,0,0,102.541,100.922,51.2705,20.411,19.031,10.2055,95.023,28.976,8.638454545,0,0,0,0,0,0
0,0,0,0,0,0,0,0,19,2,0,0,7,3.406,2.86,1.703,115.897,85.856,57.9485,38.632,18.16,7.7264,0,0,0,323.908,131.442,46.27257143
5,4,3,0,0,0,0,0,13,4,0,2,0,0,0,0,0,0,0,0,0,0,60.729,41.403,30.3645,0,0,0
0,0,0,0,0,0,0,0,14,1,12.014,0,1,337.638,145.475,67.5276,0,0,0,177.659,87.467,12.68992857,0,0,0,27.295,27.295,27.295
0,0,0,0,0,0,0,0,13,3,0,0,0,50.584,50.584,50.584,0,0,0,80.401,80.401,65.54033008,0,0,0,0,0,0
0,0,0,0,0,0,0,0,11,3,0,0,2,3.634,3.634,3.634,538.032,183.930981,53.8032,0,0,0,0,0,0,116.751,82.403,58.3755
0,0,0,0,0,0,0,0,16,4,0,0,0,26.631,17.616,6.65775,0,0,0,22.485,20.837,11.2425,0,0,0,0,0,0
0,0,0,0,0,0,0,0,10,4,0,0,0,0,0,0,0,0,0,0,0,0,0,0,0,0,0,0
0,0,0,1,1,0,0,0,12,6,0,0,3,37.7229,37.7229,37.7229,206.254131,100.389286,34.3756885,90.405759,62.575082,45.2028795,0,0,0,28.334463,21.409955,9.444821
0,0,0,0,0,0,0,0,12,5,0,0,0,30.646445,30.646445,30.646445,0,0,0,0,0,0,0,0,0,0,0,0
0,0,0,0,0,0,0,0,9,9,0,0,0,164.813721,57.908265,18.31263567,0,0,0,0,0,0,0,0,0,0,0,0
0,0,0,0,0,0,0,0,8,2,0,0,0,855.632,245.91,142.6053333,0,0,0,0,0,0,0,0,0,0,0,0
0,0,0,0,0,0,0,0,10,6,0,0,0,0,0,0,0,0,0,13.442,11.725,6.721,0,0,0,0,0,0
1,0,0,0,0,0,0,0,5,7,0,0,0,0,0,0,0,0,0,0,0,0,0,0,0,0,0,0
0,0,0,0,0,0,0,0,6,2,0,0,0,0,0,0,0,0,0,0,0,0,0,0,0,0,0,0
0,0,0,0,0,0,0,0,17,1,0,0,0,598.857,87.867,31.51878947,178.149,50.15,16.19536364,37.381,7.096,4.153444444,0,0,0,0,0,0
0,0,0,0,0,0,0,0,8,2,0,0,0,192.271,181.965,96.1355,0,0,0,0,0,0,0,0,0,0,0,0
4,0,5,0,0,0,0,0,13,3,0,3,0,197.080563,73.433563,49.27014075,0,0,0,0,0,0,57.983884,33.096407,19.32796133,0,0,0
0,0,0,0,0,0,0,0,10,2,0,0,0,0,0,0,0,0,0,341.402,54.112,13.65608,0,0,0,0,0,0
0,0,0,0,0,0,0,0,7,3,0,0,0,0,0,0,0,0,0,479.0816173,157.0564973,65.54033008,0,0,0,0,0,0
0,0,0,0,0,0,0,1,4,5,0,0,2,0,0,0,0,0,0,479.0816173,157.0564973,65.54033008,0,0,0,43.606368,42.497448,21.803184
0,0,0,0,0,0,0,0,2,3,0,0,0,769.24,598.894,256.4133333,0,0,0,0,0,0,0,0,0,0,0,0
0,0,0,0,0,0,0,0,10,5,0,0,1,96.485,51.346,24.12125,0,0,0,0,0,0,0,0,0,12.856,12.856,12.856
0,0,0,0,0,0,0,0,10,3,0,0,0,0,0,0,0,0,0,53.810473,53.810473,53.810473,0,0,0,0,0,0
0,0,0,4,1,1,0,0,14,4,0,0,1,0,0,0,386.21,112.631,42.91222222,0,0,0,0,0,0,64.007,64.007,64.007
0,0,0,0,0,0,0,0,4,8,0,0,0,0,0,0,158.038305,134.25364,22.57690071,0,0,0,0,0,0,0,0,0
0,0,0,0,0,0,0,0,11,2,0,0,0,830.903,262.374,92.32255556,0,0,0,21.643,20.255,10.8215,0,0,0,0,0,0
0,0,0,0,0,0,0,0,7,7,0,0,0,33.824,20.011,6.7648,79.251,34.802,19.81275,0,0,0,0,0,0,0,0,0
0,0,0,0,0,0,0,0,12,4,0,0,2,0,0,0,0,0,0,0,0,0,0,0,0,35.199,28.855,17.5995
0,0,0,0,0,0,0,0,10,3,0,0,0,477.112,345.674,53.01244444,0,0,0,14.504,11.407,7.252,0,0,0,0,0,0
0,0,0,0,0,0,0,0,6,8,0,0,0,0,0,0,267.55,84.32,26.755,0,0,0,0,0,0,0,0,0