date,close,volume,open,high,low
2019/04/15,168.6700,3687910.0000,172.2000,172.2600,167.4000
2019/04/12,173.0900,3241051.0000,173.6000,173.8900,170.7800
2019/04/11,171.2000,3916692.0000,176.5000,176.6400,171.1400
2019/04/10,177.0400,4082394.0000,179.1900,179.5500,175.5600
2019/04/09,181.0000,3012354.0000,185.0000,185.6000,180.5400
2019/04/08,184.7700,3912125.0000,181.5500,186.2200,180.3900
2019/04/05,181.5500,2925040.0000,181.3300,182.4700,179.8000
2019/04/04,179.1300,3958838.0000,176.9200,180.7300,175.1400
2019/04/03,174.9100,3722349.0000,173.0500,176.9300,172.2600
2019/04/02,170.9800,2519585.0000,170.4100,174.1500,168.8830
2019/04/01,170.4000,4654486.0000,168.0700,171.4000,166.9200
2019/03/29,164.8500,2695018.0000,165.6500,166.0000,163.4600
2019/03/28,164.1100,1711806.0000,165.0000,165.3600,162.7300
2019/03/27,164.2900,2598793.0000,167.3600,167.9850,164.1800
2019/03/26,167.2000,1811599.0000,167.0000,169.8600,166.5848
2019/03/25,166.8800,1623290.0000,165.5700,167.1900,163.7600
2019/03/22,166.7300,2263890.0000,170.7200,170.8862,165.9800
2019/03/21,171.7700,2103000.0000,168.7000,171.9391,168.7000
2019/03/20,170.1700,2050960.0000,171.2800,171.2800,166.6000
2019/03/19,170.7300,1663835.0000,172.1100,172.1800,169.9700
2019/03/18,171.1700,2129850.0000,172.4100,174.0200,169.6700
2019/03/15,170.4800,2978713.0000,169.4100,170.9500,168.7500
2019/03/14,167.7400,2268097.0000,167.9600,168.0400,166.1500
2019/03/13,168.1700,2431552.0000,167.8000,170.7700,167.1000
2019/03/12,166.9900,1832002.0000,168.4500,168.7700,164.5600
2019/03/11,166.9600,2173998.0000,165.6000,167.5600,164.4600
2019/03/08,163.6500,2633502.0000,162.9400,164.7100,160.8300
2019/03/07,165.7200,3245204.0000,169.6300,170.0000,164.9000
2019/03/06,170.2400,5133000.0000,169.2150,173.5200,169.1100
2019/03/05,167.7400,5795895.0000,161.4700,170.2800,161.1100
2019/03/04,160.9200,4316911.0000,163.7100,164.2520,158.4400
2019/03/01,162.0900,2653936.0000,164.1800,165.5000,161.9800
2019/02/28,162.5400,3410116.0000,162.0000,163.1900,160.9100
2019/02/27,162.1700,3703922.0000,161.5500,163.4000,160.6491
2019/02/26,161.9800,4826885.0000,164.0000,164.3400,160.6000
2019/02/25,165.0000,5827152.0000,170.0100,170.5500,164.8600
2019/02/22,167.1700,9226824.0000,173.5000,174.1700,164.0000
2019/02/21,171.8100,4098620.0000,171.7300,172.8900,169.7300
2019/02/20,171.1800,4034152.0000,173.3900,176.0887,170.5100
2019/02/19,172.4500,3153975.0000,169.5300,173.6000,169.2000
2019/02/15,170.0600,3435868.0000,175.4900,175.6300,169.0000
2019/02/14,174.0800,2015557.0000,173.5000,174.9600,171.5500
2019/02/13,173.8200,2544736.0000,172.9800,175.3500,171.7100
2019/02/12,170.2500,2395569.0000,169.0400,171.5400,169.0100
2019/02/11,168.0600,2778721.0000,172.2200,172.3700,166.5700
2019/02/08,169.9000,2121881.0000,170.4600,170.4800,166.6600
2019/02/07,171.5800,1979561.0000,173.5200,173.9600,170.0600
2019/02/06,173.8500,1245863.0000,176.2300,176.5400,173.5900
2019/02/05,176.2300,1533405.0000,175.3100,176.8900,173.5350
2019/02/04,173.9400,1583267.0000,172.3500,175.5350,171.0100
2019/02/01,171.2700,1988870.0000,172.6800,173.5400,169.3800
2019/01/31,172.6300,3317196.0000,171.0500,175.0900,170.3600
2019/01/30,169.3400,2410359.0000,166.7200,170.1000,165.2500
2019/01/29,165.2700,1464990.0000,167.9100,167.9750,164.1500
2019/01/28,167.5000,2026413.0000,164.1800,168.2300,162.7200
2019/01/25,167.1000,2985084.0000,164.9900,168.0600,163.4000
2019/01/24,162.7000,2921835.0000,163.2500,163.5500,161.0000
2019/01/23,163.2600,4426317.0000,162.0000,163.3600,158.9000
2019/01/22,160.3900,7084461.0000,167.3500,167.4600,158.5200
2019/01/18,171.3600,3233650.0000,170.5400,174.2750,169.8000
2019/01/17,168.1100,3117428.0000,167.8400,169.9400,164.5500
2019/01/16,169.7500,2101361.0000,169.6200,171.3300,168.5600
2019/01/15,167.9300,2359740.0000,164.4300,169.9400,164.4000
2019/01/14,163.0300,1786562.0000,162.8200,163.9700,161.5900
2019/01/11,166.1100,2340426.0000,167.8500,168.3500,164.6800
2019/01/10,168.3500,2134928.0000,164.9800,168.4500,162.9100
2019/01/09,166.6400,3391256.0000,166.7200,168.4050,165.4800
2019/01/08,163.4000,3251809.0000,162.1900,163.8900,158.1600
2019/01/07,162.6000,3260746.0000,162.6000,164.4900,158.5100
2019/01/04,160.9500,3845667.0000,157.6000,162.4300,157.2500
2019/01/03,154.7100,3839620.0000,158.7500,159.8800,153.7800
2019/01/02,162.2500,2983776.0000,156.1800,164.3300,155.4900
2018/12/31,158.6000,2485471.0000,163.8000,164.4000,157.5200
2018/12/28,162.1700,2147294.0000,162.0300,164.6050,160.6000
2018/12/27,161.5800,2637025.0000,160.5400,161.9500,156.0400
2018/12/26,163.0400,2666330.0000,158.3200,163.1700,154.6100
2018/12/24,157.1200,2354022.0000,155.2900,161.4800,155.2500
2018/12/21,157.4200,4933852.0000,162.2900,162.7700,156.2500
2018/12/20,160.3600,4151188.0000,160.8600,164.5900,159.8310
2018/12/19,162.4800,3968143.0000,167.9400,169.1400,160.0000
2018/12/18,167.6100,2938266.0000,173.1200,173.2900,167.2100
2018/12/17,169.8600,4174384.0000,176.5800,176.7800,167.5300
2018/12/14,177.5400,2074884.0000,177.7000,180.5100,176.4800
2018/12/13,179.9000,1795384.0000,182.3900,183.1000,179.1700
2018/12/12,179.7500,2782054.0000,180.5000,182.9500,179.3000
2018/12/11,176.8500,3128124.0000,181.8400,182.1000,176.0100
2018/12/10,179.2000,1939824.0000,178.2600,181.5500,174.2500
2018/12/07,179.5600,2852213.0000,180.1100,185.1500,178.6200
2018/12/06,180.7000,4344865.0000,176.0100,183.4900,174.6600
2018/12/04,182.6600,4590765.0000,192.3700,193.5000,180.0000
2018/12/03,191.3300,3628593.0000,196.0000,196.0000,189.2100
2018/11/30,188.2800,2936647.0000,183.0400,189.5900,182.3800
2018/11/29,183.2200,3404255.0000,186.5000,187.4900,182.4450
2018/11/28,188.4400,3333941.0000,185.8000,188.5000,181.7483
2018/11/27,182.7900,2683350.0000,183.6000,185.2500,181.1100
2018/11/26,185.1900,1858371.0000,186.2600,186.8700,183.8300
2018/11/23,182.6100,1266331.0000,181.3800,183.3100,181.0000
2018/11/21,183.9500,2702981.0000,180.0200,186.2700,179.5227
2018/11/20,177.4800,3483501.0000,177.6000,179.9600,175.3200
2018/11/19,183.0900,2663320.0000,185.8600,186.9600,181.8900
2018/11/16,186.9500,1623024.0000,187.0700,188.0000,183.5900
2018/11/15,188.4100,2220654.0000,186.8000,188.5000,185.3700
2018/11/14,185.0600,2429807.0000,185.5000,186.9800,181.6700
2018/11/13,183.3400,2968401.0000,182.3900,185.4100,180.2274
2018/11/12,180.4300,2277050.0000,183.4700,183.5700,178.8900
2018/11/09,183.7500,2926685.0000,184.4800,186.2500,181.6500
2018/11/08,188.5500,2474445.0000,193.7000,195.7500,187.9800
2018/11/07,195.4100,2060834.0000,196.0100,196.0200,192.3500
2018/11/06,192.4400,1810909.0000,191.0800,194.7200,190.4200
2018/11/05,190.5900,3221701.0000,194.0100,197.1700,189.1500
2018/11/02,194.6900,4663362.0000,203.2300,206.2500,192.0300
2018/11/01,201.4700,6390087.0000,192.4500,202.1300,185.0000
2018/10/31,190.0600,6318333.0000,184.4000,192.4600,181.9100
2018/10/30,183.3700,5032348.0000,181.7500,183.6000,177.8000
2018/10/29,181.7500,4273051.0000,190.0000,190.0000,178.1000
2018/10/26,188.5100,2902719.0000,184.0800,191.3500,182.6000
2018/10/25,190.4300,2768158.0000,186.2100,192.5200,185.7900
2018/10/24,184.4700,3845595.0000,193.2400,193.2400,184.0200
2018/10/23,193.4200,3368923.0000,190.1600,194.9600,187.8750
2018/10/22,196.1900,2794273.0000,197.8700,198.7100,194.7300
2018/10/19,191.9200,2909649.0000,193.6500,197.2500,190.8900
2018/10/18,191.8800,4586817.0000,197.5100,197.9700,190.1000
2018/10/17,200.7200,1735380.0000,203.7400,203.7500,198.7500
2018/10/16,203.2100,2398270.0000,202.0000,203.6700,199.7100
2018/10/15,200.1200,1836903.0000,201.5000,203.6900,198.7800
2018/10/12,204.3600,3874294.0000,205.4000,206.6500,200.9400
2018/10/11,198.0000,4581842.0000,189.2900,198.1399,189.0000
2018/10/10,194.2600,4538449.0000,198.0000,198.8000,192.2000
2018/10/09,200.8500,3134183.0000,201.8000,203.3600,199.4227
2018/10/08,203.9800,3389548.0000,200.1800,204.6300,198.1908
2018/10/05,205.6200,3947795.0000,208.5700,209.2200,202.2100
2018/10/04,210.0700,4029745.0000,215.0000,215.2700,206.6100
2018/10/03,216.3500,2401862.0000,220.2700,220.9700,215.7600
2018/10/02,218.9000,3938670.0000,221.6700,222.4500,217.3000
2018/10/01,227.4000,1199340.0000,230.8100,231.1700,227.2000
2018/09/28,228.6800,1816827.0000,228.5300,230.6500,226.7600
2018/09/27,230.4700,1976232.0000,228.7000,231.7900,226.8300
2018/09/26,228.4200,2716035.0000,228.3100,232.5900,227.7300
2018/09/25,226.6000,1720692.0000,226.7600,228.6600,224.4400
2018/09/24,226.6300,1526300.0000,225.0000,226.8400,224.0500
2018/09/21,228.8500,3500451.0000,234.8800,234.8800,228.4000
2018/09/20,230.6200,3107612.0000,230.2000,233.0000,227.8200
2018/09/19,226.4100,3618518.0000,218.5500,228.9500,217.7400
2018/09/18,216.8800,2114658.0000,218.5400,222.3800,215.5800
2018/09/17,217.6600,2154345.0000,216.8400,220.9900,216.7000
2018/09/14,220.0300,2198314.0000,224.8800,225.0000,218.6300
2018/09/13,222.4200,2855785.0000,223.9900,224.6200,221.1100
2018/09/12,218.6900,3012621.0000,215.0000,219.9300,211.9800
2018/09/11,216.1000,2200217.0000,210.5000,216.7270,208.5000
2018/09/10,213.5900,2136307.0000,215.8700,217.0400,212.6500
2018/09/07,216.0400,2489079.0000,214.0200,218.0300,212.4000
2018/09/06,215.0500,2222606.0000,216.5600,218.7442,211.9808
2018/09/05,216.2400,2458426.0000,219.2000,220.4850,215.6100
2018/09/04,222.1800,2242654.0000,225.0900,227.5000,220.7600
2018/08/31,226.4800,2017228.0000,221.7100,226.8700,221.2700
2018/08/30,224.2500,2350238.0000,224.7800,227.5000,222.5500
2018/08/29,225.8700,1452304.0000,225.8500,226.8500,223.8910
2018/08/28,225.7200,2188179.0000,229.7000,230.8400,224.7010
2018/08/27,228.6100,3106532.0000,228.3900,231.3900,227.7650
2018/08/24,224.3600,2812308.0000,221.4000,225.0900,220.8200
2018/08/23,219.3000,2900816.0000,224.2700,224.9700,218.9300
2018/08/22,223.0300,1733470.0000,223.2000,226.1700,222.1510
2018/08/21,223.1300,2278755.0000,225.7700,226.2790,222.4200
2018/08/20,223.7100,3224782.0000,224.7000,226.3700,220.9700
2018/08/17,222.6700,5495422.0000,221.0000,225.0690,217.0886
2018/08/16,217.3000,4334911.0000,216.1200,221.4000,215.4866
2018/08/15,213.4700,4259618.0000,211.3700,214.1500,207.9500
2018/08/14,216.2100,3193416.0000,218.3300,218.3700,213.6700
2018/08/13,217.5700,2500360.0000,220.0100,220.1750,216.4050
2018/08/10,220.1000,3350954.0000,217.5000,221.9100,216.5100
2018/08/09,219.8900,3509814.0000,223.3600,223.7200,219.6000
2018/08/08,222.0000,5159775.0000,226.9900,226.9900,221.2800
2018/08/07,226.6700,7888399.0000,228.3620,230.2500,224.2600
2018/08/06,232.9600,3698953.0000,234.1100,235.8000,230.0600
2018/08/03,235.6500,5832522.0000,235.0000,237.5000,230.8400
2018/08/02,230.4600,6593328.0000,230.5600,231.5000,226.2100
2018/08/01,228.0700,13983840.0000,234.9900,237.7200,226.6388
2018/07/31,247.1800,4258715.0000,253.8400,255.9400,245.5300
2018/07/30,251.4000,2549052.0000,256.4900,257.3100,248.3000
2018/07/27,255.0900,2310206.0000,262.6300,262.9600,251.8279
2018/07/26,260.3500,2059399.0000,259.8200,263.6323,257.6800
2018/07/25,262.9100,2639315.0000,256.4100,263.7000,256.4100
2018/07/24,256.4800,2748471.0000,265.3100,265.7300,255.1000
2018/07/23,260.3800,1702555.0000,257.8900,261.0950,257.1800
2018/07/20,259.9800,2213180.0000,263.3600,265.2100,259.9600
2018/07/19,262.4200,2376513.0000,266.7300,267.3000,261.9300
2018/07/18,269.4200,2036585.0000,268.9000,270.0900,264.5000
2018/07/17,270.0200,2674017.0000,264.1000,271.0800,259.1000
2018/07/16,267.0800,1510246.0000,266.4500,269.7400,266.0000
2018/07/13,267.1900,2532581.0000,271.3600,274.0000,265.7010
2018/07/12,271.4500,3964270.0000,264.2300,272.1500,263.6950
2018/07/11,261.2500,2651356.0000,256.4900,263.9600,255.7500
2018/07/10,261.2500,1921888.0000,262.9900,264.8300,258.8500
2018/07/09,261.9700,4230159.0000,259.2760,262.9000,258.6000
2018/07/06,251.7700,3916964.0000,244.7500,253.5000,243.8756
2018/07/05,244.0700,2964179.0000,248.9900,250.6900,243.4400
2018/07/03,246.4300,2298829.0000,248.7100,249.0600,245.3000
2018/07/02,246.2500,2312605.0000,238.0800,246.3800,236.2800
2018/06/29,243.0000,3647336.0000,245.9000,247.7700,242.0000
2018/06/28,242.2100,6464138.0000,241.8400,242.7200,237.8000
2018/06/27,243.0000,4394737.0000,255.0000,255.5000,241.8638
2018/06/26,250.7700,2401919.0000,252.4600,253.1135,248.2100
2018/06/25,250.4100,3987386.0000,254.2800,254.3000,245.5000
2018/06/22,259.0000,3026488.0000,261.0000,261.7400,258.0100
2018/06/21,260.5000,3244538.0000,263.2200,265.6000,260.3000
2018/06/20,264.0600,2876096.0000,263.3400,264.7900,259.4200
2018/06/19,262.1100,4292279.0000,260.2300,262.1700,256.4400
2018/06/18,268.8900,3663366.0000,267.3000,269.8200,264.1100
2018/06/15,272.9700,5912834.0000,268.0000,273.6100,266.3500
2018/06/14,270.6400,3114528.0000,270.4100,273.3100,269.7500
2018/06/13,270.0000,2668096.0000,268.8600,272.1900,267.9200
2018/06/12,267.4200,3287627.0000,270.5400,272.8800,265.6649
2018/06/11,269.7800,2764772.0000,264.0000,269.8300,262.5200
2018/06/08,263.5900,3114337.0000,262.1700,263.8900,259.5100
2018/06/07,264.8900,3645316.0000,264.6900,268.0000,263.0300
2018/06/06,263.9400,3366893.0000,260.1800,263.9900,257.0800
2018/06/05,259.9800,4973938.0000,262.2450,265.4100,255.2000
2018/06/04,260.9000,5629302.0000,251.0000,261.0000,251.0000
2018/06/01,248.4600,4545910.0000,245.3900,251.0000,244.8500
2018/05/31,242.5600,4398703.0000,242.0400,245.5200,241.9600
2018/05/30,241.6300,3140201.0000,243.6900,243.7500,240.4700
2018/05/29,242.0500,3629519.0000,242.5500,245.0400,240.6000
2018/05/25,243.8000,5293770.0000,240.4780,245.7990,240.0800
2018/05/24,240.2800,4779166.0000,243.4900,243.9527,240.0500
2018/05/23,240.3900,5033236.0000,238.7700,243.3300,236.6100
2018/05/22,239.9700,7129762.0000,243.9900,247.0500,239.6000
2018/05/21,240.5100,15232320.0000,256.0000,256.3627,237.8300
2018/05/18,253.0100,16036380.0000,262.3800,264.6650,251.5800
2018/05/17,279.6800,3238035.0000,280.2600,283.9500,278.6000
2018/05/16,284.0700,3617516.0000,272.7400,284.2200,271.2264
2018/05/15,271.9200,2299528.0000,266.4100,271.9800,265.6100
2018/05/14,272.2600,3282097.0000,271.5000,278.7600,271.0000
2018/05/11,269.9100,2242693.0000,270.9200,271.4900,266.3700
2018/05/10,268.6800,3069562.0000,262.1800,269.4000,260.7000
2018/05/09,261.2900,2299989.0000,263.1000,264.4300,259.7100
2018/05/08,263.0900,3598684.0000,255.0000,263.9900,253.4000
2018/05/07,253.9000,3045913.0000,251.5300,257.0000,250.2500
2018/05/04,251.7300,2692673.0000,250.8500,254.7400,249.2933
2018/05/03,252.4600,2727455.0000,249.0000,254.5400,245.7400
2018/05/02,249.8000,3058242.0000,250.9200,252.7400,246.8000
2018/05/01,252.1300,2469204.0000,247.2400,254.0800,246.0100
2018/04/30,250.9000,4268192.0000,253.6900,255.0000,244.4000
2018/04/27,251.9300,8012024.0000,253.9500,257.3000,245.6300
2018/04/26,238.6900,3840413.0000,232.8300,239.4000,232.6000
2018/04/25,231.4100,2250412.0000,229.2000,231.4600,222.5000
2018/04/24,231.4100,2220157.0000,233.8200,238.3600,228.5000
2018/04/23,231.4200,1532792.0000,232.5200,235.0500,230.1400
2018/04/20,232.5000,2274649.0000,234.9200,235.6900,230.2100
2018/04/19,237.1100,1737361.0000,238.4300,240.4000,235.2624
2018/04/18,237.7500,2039197.0000,237.3800,239.9100,236.5000
2018/04/17,235.6700,2279371.0000,230.2700,237.0000,228.6300
2018/04/16,229.9000,1913580.0000,228.4500,231.0650,226.5300
2018/04/13,228.1700,1608928.0000,231.8800,233.0000,225.7700
2018/04/12,231.3400,1213955.0000,230.7500,232.2365,229.0300
2018/04/11,229.6500,1380437.0000,230.0000,233.5000,228.8800
2018/04/10,231.5000,2622356.0000,231.3200,233.5500,228.4200
2018/04/09,224.3300,2276948.0000,224.7000,227.7476,221.9200
2018/04/06,219.8200,1737328.0000,221.3000,225.2900,218.1300
2018/04/05,225.5700,1997010.0000,226.0100,228.4999,224.3700
2018/04/04,224.3000,4100721.0000,213.8000,225.9500,213.5560
2018/04/03,220.0200,2344606.0000,223.5300,224.7700,216.6900
2018/04/02,220.0600,2688697.0000,220.8400,223.8700,216.1100
2018/03/29,223.1900,3785043.0000,225.0000,226.4797,220.1600
2018/03/28,223.1000,4246406.0000,228.8000,229.9000,220.2000
2018/03/27,230.9600,3014423.0000,239.3800,241.2090,228.7000
2018/03/26,235.9400,3322856.0000,236.6100,237.7700,229.3800
2018/03/23,230.0800,3975792.0000,236.5200,238.8200,229.3400
2018/03/22,236.1100,5095676.0000,245.0000,245.1700,233.7200
2018/03/21,250.0500,2641659.0000,254.2600,254.2600,249.0300
2018/03/20,254.4600,2359195.0000,253.7500,256.7400,252.1100
2018/03/19,252.8300,3087709.0000,261.4700,261.7600,250.3500
2018/03/16,262.3900,4644499.0000,259.6100,263.7000,257.2100
2018/03/15,262.7100,2505453.0000,263.0100,264.7500,260.4900
2018/03/14,259.3500,2342565.0000,259.7300,262.7500,256.7250
2018/03/13,258.3500,2564488.0000,268.0000,268.0000,257.3400
2018/03/12,265.6700,2573403.0000,264.9200,270.5800,263.2400
2018/03/09,263.5600,3755736.0000,259.2500,267.6000,257.8600
2018/03/08,257.1400,2284689.0000,257.5400,258.5500,254.8600
2018/03/07,257.2600,1657859.0000,255.9300,258.3200,254.1600
2018/03/06,258.7300,2590490.0000,257.9900,260.0000,255.7300
2018/03/05,254.8900,2269157.0000,248.0900,256.3300,246.2100
2018/03/02,250.6000,2431239.0000,242.3200,251.5800,240.6600
2018/03/01,249.7500,3004554.0000,251.6300,256.2000,245.6800
2018/02/28,252.3400,2671582.0000,254.0000,255.0000,250.5728
2018/02/27,250.4600,2694540.0000,253.5000,257.5605,250.2100
2018/02/26,256.2500,2590913.0000,251.3400,256.2900,250.8600
2018/02/23,250.7400,1788876.0000,250.0000,252.0000,246.8900
2018/02/22,249.3500,2349450.0000,248.0900,249.4300,244.3550
2018/02/21,246.9200,2412659.0000,247.7200,252.9500,246.7500
2018/02/20,245.4300,2216619.0000,243.0700,248.0100,242.1400
2018/02/16,244.7200,2197885.0000,248.0000,248.7400,242.9000
2018/02/15,248.2000,5588248.0000,240.9900,248.2900,237.1300
2018/02/14,235.8900,7922485.0000,236.0400,239.8800,232.6880
2018/02/13,225.6000,4633884.0000,223.4100,227.7000,221.8000
2018/02/12,221.6400,3081793.0000,219.9900,223.2400,218.5402
2018/02/09,215.6700,4632536.0000,213.4600,218.4100,207.7400
2018/02/08,212.0700,4151485.0000,223.0100,225.7100,211.7000
2018/02/07,222.5000,2410358.0000,228.2600,229.6599,222.5000
2018/02/06,228.7700,5047874.0000,218.0000,230.0000,216.0000
2018/02/05,225.3200,3936116.0000,229.4200,235.6900,224.5800
2018/02/02,233.1700,3321965.0000,237.4900,238.4999,232.4300
2018/02/01,240.5300,2740974.0000,243.3300,248.2300,239.3700
2018/01/31,246.9200,3605961.0000,247.4800,248.1800,242.4000
2018/01/30,244.0700,4570575.0000,247.8700,249.3500,241.2000
2018/01/29,253.7300,3335056.0000,256.6600,256.9800,252.8000
2018/01/26,260.2500,2394341.0000,255.7600,260.4266,253.8000
2018/01/25,254.1400,2188333.0000,259.8300,260.0000,253.0300
2018/01/24,257.9600,2851371.0000,258.5800,263.4100,252.1000
2018/01/23,257.3500,2229640.0000,252.8900,257.5400,251.2600
2018/01/22,254.3400,2293313.0000,255.9900,256.4200,249.5000
2018/01/19,255.9800,1824216.0000,255.8700,258.3300,254.3600
2018/01/18,254.9600,2042168.0000,255.4900,256.1500,252.5530
2018/01/17,255.4900,2215546.0000,260.7500,260.8900,253.0800
2018/01/16,257.7800,4089801.0000,259.6900,265.7700,256.7800
2018/01/12,253.0400,3039427.0000,252.4900,256.9800,250.8700
2018/01/11,250.2200,1731018.0000,250.4000,251.4900,246.8900
2018/01/10,248.9500,2178347.0000,251.4900,253.7400,247.9000
2018/01/09,254.7300,2617194.0000,253.5400,254.9900,248.0500
2018/01/08,250.8200,2414646.0000,247.1400,253.8600,246.7500
2018/01/05,245.1400,2603087.0000,246.8400,248.0000,242.6000
2018/01/04,245.7300,1575387.0000,249.0000,249.2000,244.2800
2018/01/03,245.5500,1906018.0000,244.8600,246.2641,240.0901
2018/01/02,242.4000,2689315.0000,236.4900,242.8200,235.2600
2017/12/29,234.2100,1135993.0000,234.8300,236.1300,232.5000
2017/12/28,234.7400,1005434.0000,238.5700,239.0000,234.4000
2017/12/27,237.7100,928749.0000,237.5000,239.1400,235.6100
2017/12/26,237.8300,1290595.0000,237.2100,238.7700,235.3770
2017/12/22,239.0500,1169596.0000,237.7600,241.7900,237.4500
2017/12/21,239.4900,2046179.0000,234.4800,240.8300,234.0100
2017/12/20,233.3700,1747232.0000,236.0400,236.9500,231.2900
2017/12/19,235.6200,2721836.0000,241.5900,242.0000,235.1300
2017/12/18,240.9300,2070932.0000,235.8200,241.4900,234.9000
2017/12/15,233.4800,5009986.0000,233.0000,233.4800,229.3100
2017/12/14,231.8200,2860127.0000,233.0600,233.1500,227.8100
2017/12/13,233.2400,2218181.0000,234.8800,237.1700,231.8500
2017/12/12,232.7300,1911403.0000,231.5100,232.9499,229.9200
2017/12/11,233.5400,1994468.0000,235.5000,236.6300,233.1650
2017/12/08,234.5900,2151303.0000,236.9100,237.7400,234.4300
2017/12/07,233.0100,1788912.0000,231.1600,235.6590,231.0057
2017/12/06,231.1500,2107548.0000,228.3500,231.8900,227.2200
2017/12/05,231.7500,2874133.0000,226.0000,234.1000,225.5000
2017/12/04,229.6600,3325426.0000,237.7100,237.9115,226.3500
2017/12/01,235.0700,2387146.0000,233.6500,238.6400,232.5100
2017/11/30,238.5800,3127218.0000,237.3800,239.1900,235.1900
2017/11/29,235.4900,3530026.0000,242.3200,243.8800,229.0100
2017/11/28,244.0300,2342548.0000,249.0000,249.0000,241.9100
2017/11/27,247.0200,2018783.0000,246.0000,248.9700,245.6200
2017/11/24,249.4200,1610892.0000,249.5000,250.3724,245.7300
2017/11/22,249.6500,3477464.0000,246.7500,252.9000,246.3908
2017/11/21,244.3000,2591715.0000,242.0000,246.9000,240.1980
2017/11/20,238.5400,2078555.0000,241.0000,242.6300,237.6600
2017/11/17,239.2700,2224855.0000,241.8000,243.0400,239.0100
2017/11/16,239.3200,2262767.0000,236.7100,240.7100,234.2608
2017/11/15,234.2100,2656171.0000,232.0100,234.8400,226.0100
2017/11/14,234.9200,1561131.0000,236.6000,237.0000,232.9200
2017/11/13,237.3700,1712006.0000,234.6900,238.4600,232.0200
2017/11/10,237.4000,1461480.0000,239.5800,239.5800,236.5000
2017/11/09,240.0600,2564732.0000,237.9900,240.5500,236.2900
2017/11/08,241.1800,2087088.0000,243.6300,244.5250,238.8000
2017/11/07,243.4700,1631315.0000,246.6200,247.9200,242.4100
2017/11/06,244.5300,1833364.0000,242.7100,246.7000,240.8000
2017/11/03,241.5400,1622040.0000,242.6500,244.3900,240.3200
2017/11/02,242.0900,2578964.0000,246.3700,247.2250,239.5000
2017/11/01,245.4300,3615173.0000,247.7100,251.1800,245.2600
2017/10/31,243.9400,3757234.0000,238.0000,244.4090,235.0300
2017/10/30,236.4200,5105438.0000,240.9600,244.5500,232.4400
2017/10/27,239.3700,10848600.0000,241.8200,247.3900,235.7300
2017/10/26,260.6200,3640570.0000,262.0600,265.5100,259.4700
2017/10/25,263.0400,3118904.0000,264.6800,268.5100,257.6900
2017/10/24,264.0000,1640690.0000,266.2000,266.8000,263.1150
2017/10/23,266.1300,2014577.0000,266.1000,267.8700,261.5110
2017/10/20,264.9000,2115217.0000,268.4000,269.8000,264.3500
2017/10/19,264.5200,2981269.0000,262.2600,265.5300,259.1500
2017/10/18,268.9700,2156627.0000,271.1000,271.4900,266.9700
2017/10/17,270.3200,3191321.0000,273.7000,274.9700,269.4400
2017/10/16,272.8200,3614577.0000,264.9800,273.0700,264.0000
2017/10/13,262.6800,2111045.0000,260.1100,264.6600,259.6100
2017/10/12,259.3300,2185652.0000,259.5300,261.3600,258.0600
2017/10/11,260.3200,2796646.0000,261.0600,263.4400,258.5100
2017/10/10,262.4100,4283551.0000,254.3600,262.6900,253.5200
2017/10/09,252.2200,2402074.0000,248.1600,254.2800,247.4345
2017/10/06,247.6900,1342558.0000,244.8300,247.8600,244.1630
2017/10/05,245.2700,2155628.0000,246.4900,247.5000,242.2200
2017/10/04,243.9700,1754219.0000,246.2600,247.0000,243.6700
2017/10/03,247.0000,1997379.0000,250.0000,250.4900,246.5100
2017/10/02,248.6700,2319934.0000,248.6200,250.5700,246.5000
2017/09/29,247.6900,3402070.0000,242.0300,248.0000,242.0300
2017/09/28,241.2800,1957971.0000,238.4700,242.3700,237.2000
2017/09/27,239.8200,2157364.0000,240.0200,240.7500,237.3610
2017/09/26,236.1900,2392162.0000,236.2900,240.0000,234.9900
2017/09/25,234.4900,3485751.0000,239.8700,239.9000,230.5800
2017/09/22,240.5700,1921756.0000,237.8200,242.7000,237.1900
2017/09/21,238.9200,2006433.0000,239.2100,239.6900,235.3500
2017/09/20,237.9600,2007673.0000,238.5000,240.4000,235.5100
2017/09/19,237.8500,2329093.0000,239.0300,240.1250,235.7000
2017/09/18,239.0700,2908072.0000,236.7900,240.4300,235.5800
2017/09/15,235.2100,5226688.0000,237.8700,239.1600,235.2100
2017/09/14,237.3300,2511505.0000,235.0000,238.4600,234.8000
2017/09/13,236.4100,2765238.0000,237.5700,239.0000,235.4500
2017/09/12,237.6000,2411724.0000,234.9500,237.9300,233.8400
2017/09/11,233.5000,2244216.0000,232.3900,234.6200,232.2100
2017/09/08,229.2300,1831483.0000,232.7800,235.0000,228.7300
2017/09/07,233.1800,2470671.0000,226.0000,233.5400,225.7100
2017/09/06,226.9700,1999620.0000,226.0000,228.9600,223.5400
2017/09/05,225.3000,3159336.0000,231.2900,232.4700,224.5800
2017/09/01,232.6400,2657661.0000,228.2600,233.7900,226.6100
2017/08/31,228.0500,2416136.0000,224.0000,228.6800,222.6100
2017/08/30,223.8800,1864379.0000,221.8000,224.7100,220.3600
2017/08/29,220.6900,2033130.0000,216.0000,221.7000,213.5280
2017/08/28,219.9900,2993248.0000,225.9200,226.7900,219.3600
2017/08/25,225.5500,2441392.0000,224.9600,229.4300,224.4400
2017/08/24,224.8600,2151331.0000,226.1200,226.7499,224.1100
2017/08/23,224.9900,1835460.0000,224.8500,225.7100,223.6300
2017/08/22,226.1100,2462140.0000,224.4900,226.4900,222.7750
2017/08/21,222.4800,2731132.0000,223.5000,227.9492,221.8800
2017/08/18,220.6900,3053687.0000,220.7700,221.1900,218.5000
2017/08/17,221.0500,2653054.0000,226.4200,227.0193,220.3600
2017/08/16,226.1400,2214086.0000,228.0000,228.9800,225.7100
2017/08/15,225.3300,2140210.0000,226.1000,227.6600,223.5700
2017/08/14,223.6900,2446865.0000,223.5100,224.7700,221.0000
2017/08/11,223.4900,3327837.0000,218.6000,224.6600,216.2000
2017/08/10,222.5700,4166496.0000,227.5000,228.9900,220.4700
2017/08/09,230.3000,2513738.0000,227.1900,230.4900,225.3600
2017/08/08,229.4500,4021194.0000,226.6000,233.3700,226.5400
2017/08/07,227.1600,2997829.0000,225.6000,228.9900,224.7700
2017/08/04,226.0500,3520324.0000,227.2800,230.3400,225.7000
2017/08/03,227.3900,3433077.0000,221.0000,227.9699,220.5510
2017/08/02,221.9600,3688166.0000,224.1200,224.6400,218.5800
2017/08/01,225.6000,4340497.0000,227.1400,227.9800,222.1700
2017/07/31,226.3500,8559579.0000,223.5900,230.0000,223.0500
2017/07/28,220.0000,12587490.0000,211.0100,225.6000,208.8000
2017/07/27,201.0000,5157824.0000,204.0100,205.6000,197.1100
2017/07/26,201.1700,3487979.0000,196.8500,201.2300,196.7500
2017/07/25,197.0500,2924618.0000,198.5000,198.6500,195.9700
2017/07/24,198.6500,3926531.0000,193.9750,199.2500,193.0200
2017/07/21,193.1800,1850685.0000,190.9600,193.2000,190.5600
2017/07/20,191.3200,1570531.0000,192.2600,192.8600,190.7900
2017/07/19,190.9100,2123333.0000,190.8000,192.3500,189.5600
2017/07/18,189.5100,1779135.0000,187.2300,190.1000,186.6900
2017/07/17,188.2300,2797457.0000,189.1200,191.7790,186.8900
2017/07/14,188.5500,1665294.0000,187.9900,189.0000,187.5250
2017/07/13,186.9200,2225214.0000,187.4700,188.9800,186.1500
2017/07/12,186.7600,1894666.0000,185.8100,187.5600,185.2600
2017/07/11,184.4100,1539008.0000,183.2000,184.5600,181.8300
2017/07/10,182.9300,1467341.0000,182.3100,183.9400,181.5900
2017/07/07,181.4000,1444651.0000,181.7900,182.7800,179.9200
2017/07/06,181.7900,2414594.0000,183.8800,183.8900,180.6780
2017/07/05,183.8300,4442764.0000,186.3700,187.2500,182.1700
2017/07/03,179.9700,1917192.0000,179.9000,183.5000,179.6300
2017/06/30,178.8600,2083678.0000,180.4400,180.8800,178.3101
2017/06/29,179.6300,3124343.0000,177.5400,180.4550,177.2200
2017/06/28,178.0000,2632067.0000,177.0000,178.7200,175.8300
2017/06/27,175.6000,2523216.0000,178.5200,178.6500,175.1000
2017/06/26,178.4600,2061894.0000,180.5900,181.7400,178.3500
2017/06/23,178.1400,1765066.0000,180.3200,180.5500,177.6100
2017/06/22,179.3300,1748808.0000,179.2500,180.7140,177.9900
2017/06/21,180.1700,2073868.0000,179.1400,181.0000,177.9300
2017/06/20,177.8500,1762543.0000,177.6900,178.4200,176.9300
2017/06/19,176.9300,2502649.0000,176.3800,179.2300,175.8001
2017/06/16,173.8800,2491598.0000,176.4100,176.4100,173.6600
2017/06/15,176.3300,2715667.0000,176.1900,176.9900,173.5200
2017/06/14,178.2000,2139446.0000,180.6000,180.8200,176.2000
2017/06/13,179.1900,2571077.0000,181.5200,181.5200,177.2400
2017/06/12,180.0600,3052884.0000,180.0000,182.1500,177.3100
2017/06/09,181.0700,4081656.0000,186.0300,186.1000,178.2100
2017/06/08,185.7500,4893192.0000,191.6000,192.3800,183.6800
2017/06/07,187.5300,2391105.0000,186.2400,188.5850,184.7500
2017/06/06,185.7500,2078041.0000,186.7300,187.2000,184.5100
2017/06/05,187.3100,1421347.0000,188.7100,188.7100,185.2100
2017/06/02,187.6000,1190615.0000,188.6000,189.2500,187.0000
2017/06/01,187.2600,2064824.0000,186.1500,188.1000,185.5900
2017/05/31,186.1000,3411597.0000,189.9500,190.4900,184.3200
2017/05/30,189.8800,1914935.0000,190.9400,192.2890,189.3600
2017/05/26,190.3900,1567691.0000,192.7800,193.7400,190.0900
2017/05/25,191.9500,2175400.0000,191.2300,193.0000,189.8300
2017/05/24,190.6300,2805090.0000,191.0300,191.9900,189.9700
2017/05/23,191.8000,2147602.0000,192.7000,193.5600,190.3700
2017/05/22,191.6900,2914502.0000,190.0000,193.5599,188.0800
2017/05/19,188.7600,3859620.0000,183.1700,189.4200,182.8900
2017/05/18,182.4300,4685505.0000,182.6800,183.6200,181.2900
2017/05/17,186.0500,3585620.0000,187.9700,190.7100,185.6800
2017/05/16,190.6400,3924967.0000,186.8300,192.3700,186.3870
2017/05/15,186.1400,1988251.0000,187.0800,187.4600,185.2400
2017/05/12,186.8300,1816201.0000,186.2500,187.9800,185.6700
2017/05/11,186.6000,3204432.0000,183.5400,187.3300,182.9600
2017/05/10,183.5700,2867581.0000,182.3700,184.9300,181.6200
2017/05/09,182.9800,3479314.0000,178.9000,183.5900,178.3600
2017/05/08,177.4700,2407201.0000,178.5000,178.5400,176.6800
2017/05/05,178.0300,2327377.0000,176.3000,178.3000,174.7700
2017/05/04,176.7100,2129320.0000,177.8900,178.0000,176.2800
2017/05/03,177.4000,2016623.0000,179.0100,179.0100,176.9000
2017/05/02,178.6400,2394398.0000,180.1000,180.4000,178.0000
2017/05/01,180.0600,3483363.0000,180.4500,181.1700,177.1900
2017/04/28,180.2300,7428304.0000,181.0800,182.9600,176.0700
2017/04/27,187.8600,3060560.0000,187.8100,188.5990,186.1000
2017/04/26,186.6700,2894775.0000,187.9000,188.0000,184.9000
2017/04/25,186.9900,3746738.0000,182.8600,187.5000,182.3300
2017/04/24,180.0300,1905555.0000,180.0000,180.6500,179.5400
2017/04/21,178.0800,1626390.0000,180.4000,180.4000,177.8601
2017/04/20,178.6400,2477762.0000,178.9900,180.3800,178.4100
2017/04/19,177.8100,3997968.0000,175.6200,181.1800,175.3400
2017/04/18,174.4700,1806906.0000,173.3100,174.5600,172.0700
2017/04/17,173.3100,1366014.0000,172.6100,173.8000,172.6100
2017/04/13,172.6100,1334118.0000,173.5500,174.7600,172.4600
2017/04/12,173.6100,1205365.0000,172.4700,174.8700,172.3300
2017/04/11,173.0100,1842878.0000,173.9700,175.2400,172.5800
2017/04/10,174.2200,1701045.0000,172.3000,174.6750,172.1700
2017/04/07,172.4400,1963451.0000,173.6800,173.9400,171.1700
2017/04/06,173.3800,2057768.0000,173.8000,174.7300,173.0400
2017/04/05,172.9200,2185871.0000,175.3500,176.3100,172.4600
2017/04/04,175.2000,1898057.0000,174.7600,176.6620,174.1300
2017/04/03,175.0000,2348277.0000,173.0000,175.9000,173.0000
2017/03/31,172.5200,2533480.0000,171.4600,173.9500,171.4600
2017/03/30,172.3600,2380974.0000,171.7100,172.6200,171.1700
2017/03/29,170.6600,1509587.0000,170.0000,172.1000,169.3400
2017/03/28,169.7900,2059011.0000,168.9300,170.6700,168.5800
2017/03/27,168.9300,2047841.0000,166.2300,170.6700,166.0000
2017/03/24,168.2600,2157505.0000,170.3900,170.4700,167.8500
2017/03/23,169.6100,2845624.0000,168.7500,170.0200,167.2500
2017/03/22,169.5600,3481466.0000,169.8200,169.8200,167.7500
2017/03/21,171.4000,3342239.0000,177.5000,177.7000,170.2700
2017/03/20,176.1300,1812849.0000,177.1000,177.8600,174.5900
2017/03/17,176.6200,2011443.0000,176.8900,178.8600,176.1800
2017/03/16,176.5700,4040285.0000,173.5400,177.5500,173.4000
2017/03/15,172.0400,2651189.0000,173.0100,173.3100,170.4200
2017/03/14,172.8400,1012929.0000,173.0000,173.4999,172.0100
2017/03/13,173.2500,1549338.0000,172.8900,174.1100,172.5000
2017/03/10,172.7400,1799299.0000,173.5500,173.9100,171.9300
2017/03/09,173.3200,1938051.0000,174.0300,175.2000,172.9400
2017/03/08,173.8700,1228498.0000,173.8100,175.3000,173.3000
2017/03/07,173.7400,1366521.0000,172.7700,174.0000,171.2400
2017/03/06,173.3000,1223353.0000,174.1500,174.1500,172.3800
2017/03/03,173.7900,1115986.0000,174.5300,175.7050,173.2800
2017/03/02,174.4800,2108319.0000,175.3300,176.4900,172.9700
2017/03/01,175.3300,1798484.0000,176.4400,176.7900,175.1300
2017/02/28,174.1300,2391775.0000,172.8000,175.9199,172.8000
2017/02/27,172.9700,3520916.0000,175.1700,176.2800,171.7300
2017/02/24,175.1700,7532900.0000,181.0000,181.7500,173.9100
2017/02/23,184.6400,3738667.0000,187.8900,188.5400,183.9101
2017/02/22,186.0100,2697346.0000,185.0000,187.9800,184.9700
2017/02/21,185.6200,3465196.0000,185.2300,185.9300,183.3122
2017/02/17,185.1700,1623001.0000,183.9200,185.2100,183.3300
2017/02/16,184.9400,2301492.0000,183.6200,186.7500,182.7700
2017/02/15,183.5800,1203060.0000,183.6500,185.1400,182.8100
2017/02/14,182.7700,1931951.0000,184.0100,185.6600,182.2800
2017/02/13,184.3100,2428375.0000,184.5000,185.4400,183.3300
2017/02/10,183.9900,2147633.0000,182.5800,184.1600,181.2100
2017/02/09,181.5000,1743374.0000,181.2300,183.4600,181.0600
2017/02/08,181.5000,2111431.0000,179.1600,182.4100,177.5300
2017/02/07,178.1700,1532783.0000,179.5800,179.6000,176.7500
2017/02/06,177.8100,2303594.0000,175.7900,179.0795,175.1500
2017/02/03,175.1700,1575247.0000,174.9600,176.5900,173.5600
2017/02/02,173.4000,958656.0000,173.5100,175.1800,172.4600
2017/02/01,173.8200,1212820.0000,176.7300,176.7300,172.5500
2017/01/31,175.0700,1323830.0000,173.6800,176.1800,173.0100
2017/01/30,174.7200,1358858.0000,173.1600,174.9700,171.7200
2017/01/27,174.1000,1572617.0000,175.0000,175.0000,173.2200
2017/01/26,174.9500,2193381.0000,177.6500,177.6700,174.6500
2017/01/25,176.6100,2122523.0000,177.4000,179.0000,176.2500
2017/01/24,176.0500,1597209.0000,177.7000,179.0000,175.5000
2017/01/23,175.9700,2096976.0000,173.9400,176.1800,173.2800
2017/01/20,173.4400,2049131.0000,175.3000,176.4550,173.1300
2017/01/19,176.0900,1429660.0000,176.8400,176.8400,174.4300
2017/01/18,176.5400,2001947.0000,178.5900,180.7800,174.7300
2017/01/17,176.9600,2070492.0000,175.5800,178.2800,174.4900
2017/01/13,176.4800,1411987.0000,178.0000,178.7100,176.3600
2017/01/12,177.5700,2680102.0000,178.8000,179.4700,175.6600
2017/01/11,179.3200,1923217.0000,179.5700,180.1800,176.8000
2017/01/10,180.3100,2919452.0000,179.8300,183.0000,178.3000
2017/01/09,177.1600,1759403.0000,178.0000,179.7200,176.8200
2017/01/06,176.3800,2251881.0000,176.2800,177.2800,173.2500
2017/01/05,177.4700,2726991.0000,172.6500,177.8400,172.5000
2017/01/04,171.9600,2030792.0000,169.7400,173.2600,168.3000
2017/01/03,168.3000,2315161.0000,166.3000,169.6600,165.8200
2016/12/30,164.4100,1502536.0000,166.7600,167.2340,163.5600
2016/12/29,166.5000,1586952.0000,165.6100,167.5900,165.4600
2016/12/28,165.5400,1669984.0000,165.1200,167.0100,164.7600
2016/12/27,164.7700,940805.0000,163.6300,166.4700,163.0700
2016/12/23,163.6200,1049305.0000,163.2800,164.6200,162.5300
2016/12/22,162.8900,1495243.0000,163.2900,165.2650,162.0201
2016/12/21,163.9200,1339953.0000,165.0000,165.9900,163.8000
2016/12/20,165.2800,1506341.0000,164.2600,167.0100,164.0001
2016/12/19,163.6900,1910395.0000,164.4400,164.9300,162.3400
2016/12/16,164.9300,2368435.0000,166.4200,167.9200,164.6500
2016/12/15,165.7800,2030276.0000,169.2100,169.6250,165.6200
2016/12/14,169.8300,1494121.0000,170.9000,172.5400,169.6300
2016/12/13,171.4600,3171079.0000,169.3300,173.0000,169.0000
2016/12/12,168.4800,2931888.0000,168.6300,169.2800,167.0100
2016/12/09,170.8200,2375619.0000,168.4900,171.1000,168.3400
2016/12/08,167.7500,1903087.0000,168.9200,169.7400,166.3323
2016/12/07,169.3300,1856878.0000,165.5400,169.5600,164.3700
2016/12/06,165.1700,1280540.0000,165.0100,165.7400,163.5500
2016/12/05,164.3200,1411901.0000,161.7200,165.3900,161.5592
2016/12/02,161.6700,1946226.0000,162.9500,163.8800,160.7900
2016/12/01,163.0800,2272448.0000,167.5200,167.8200,161.8000
2016/11/30,166.9500,2579732.0000,169.9900,171.5450,166.4910
2016/11/29,169.1800,2547658.0000,166.0100,171.2400,166.0000
2016/11/28,167.0000,2215385.0000,165.1300,168.0000,164.0600
2016/11/25,164.4400,924899.0000,165.0000,165.6000,163.6200
2016/11/23,163.6300,1421279.0000,163.3600,164.6400,161.6900
2016/11/22,164.4700,1594627.0000,167.5000,167.5000,163.5600
2016/11/21,165.6900,1291001.0000,165.0000,167.2500,164.5000
2016/11/18,164.3800,1503592.0000,165.9300,167.0000,163.9250
2016/11/17,166.2100,1471882.0000,167.5100,168.3500,165.5200
2016/11/16,166.7400,2009554.0000,164.2100,168.4087,163.1400
2016/11/15,164.4400,1782202.0000,163.9900,167.9800,163.8000
2016/11/14,161.7300,1866425.0000,160.6100,164.7300,160.6100
2016/11/11,162.9500,2999055.0000,162.3900,164.4300,159.5400
2016/11/10,163.4700,3955769.0000,168.9100,169.1200,162.0000
2016/11/09,168.6600,3059466.0000,166.5000,168.8400,165.4000
2016/11/08,170.9200,1296571.0000,171.6000,172.0000,169.4200
2016/11/07,171.5600,2302147.0000,171.4000,172.7800,170.1800
2016/11/04,167.7000,2030352.0000,166.4400,169.4200,166.0000
2016/11/03,168.5700,2256949.0000,168.0000,172.0000,168.0000
2016/11/02,168.7800,3562472.0000,173.5500,173.5500,167.5100
2016/11/01,173.4900,2873032.0000,176.7500,177.3500,172.2900
2016/10/31,176.8600,3268613.0000,178.1700,182.6400,176.0770
2016/10/28,179.5900,6648485.0000,180.7400,185.2000,179.2700
2016/10/27,175.1000,3583220.0000,173.4700,176.5400,172.6100
2016/10/26,172.8200,2425548.0000,175.0000,175.2000,172.3300
2016/10/25,176.6800,1891850.0000,181.9900,181.9900,176.0700
2016/10/24,180.8600,2071929.0000,178.7700,181.2000,177.7800
2016/10/21,176.7600,2064459.0000,174.8000,177.5000,173.8450
2016/10/20,175.1700,1542828.0000,175.7500,176.2500,174.0100
2016/10/19,176.2000,915061.0000,177.5000,177.5000,174.7000
2016/10/18,175.6500,1625991.0000,177.9200,178.7600,175.6400
2016/10/17,175.1500,1333111.0000,175.1800,177.0300,173.8000
2016/10/14,175.5100,1799931.0000,176.4800,178.1799,174.6100
2016/10/13,174.6100,1698979.0000,173.3000,175.1900,171.8900
2016/10/12,175.4100,2165655.0000,177.0000,178.0100,174.7100
2016/10/11,177.0400,2917785.0000,181.2000,182.7500,175.5500
2016/10/10,181.4900,1308503.0000,181.1700,182.3200,180.8800
2016/10/07,179.8000,2386200.0000,182.2300,182.7300,178.8700
2016/10/06,181.5200,1756451.0000,183.7500,184.1300,181.0900
2016/10/05,184.1100,1480785.0000,185.8900,185.8900,183.2800
2016/10/04,184.0800,2131571.0000,184.0000,187.2400,183.5200
2016/10/03,183.5400,1742856.0000,182.8400,184.5000,181.6200
2016/09/30,182.0700,2183224.0000,183.9500,184.6300,180.6300
2016/09/29,182.2300,3621884.0000,186.6000,186.9600,181.5000
2016/09/28,187.7400,2484090.0000,186.7100,188.3100,185.2110
2016/09/27,190.8300,1599709.0000,189.0000,192.4200,188.8500
2016/09/26,188.8600,1860849.0000,189.5300,189.6600,187.1400
2016/09/23,191.7200,3252432.0000,193.2400,197.0000,190.3000
2016/09/22,195.4500,3619664.0000,197.0000,197.8000,193.6800
2016/09/21,196.0300,5741074.0000,187.8500,196.3130,187.3000
2016/09/20,186.3700,2413579.0000,186.6300,189.0000,185.8800
2016/09/19,184.7400,1910771.0000,186.0000,187.0000,184.0300
2016/09/16,185.0100,1919222.0000,186.2700,186.2700,183.5300
2016/09/15,186.5000,2109990.0000,182.8900,187.4000,182.7350
2016/09/14,182.1800,1977848.0000,182.0000,184.7500,181.2800
2016/09/13,181.9000,2412474.0000,182.7900,183.7800,180.6400
2016/09/12,184.1300,2779138.0000,178.0800,184.9200,177.3300
2016/09/09,182.1000,3593329.0000,186.4800,186.8400,181.6700
2016/09/08,187.5000,2383666.0000,189.0900,190.8700,187.0900
2016/09/07,189.1500,4265035.0000,189.3300,192.8800,188.6100
2016/09/06,189.0600,8174939.0000,181.7000,189.3400,181.2300
2016/09/02,177.7800,2139143.0000,178.0000,179.6800,177.1900
2016/09/01,176.5500,3606789.0000,171.8500,176.8346,171.7700
2016/08/31,171.0700,3049034.0000,172.2400,172.9800,169.8500
2016/08/30,175.4500,1943323.0000,174.2250,177.7400,173.8800
2016/08/29,173.6500,1655239.0000,173.8900,173.9000,171.4800
2016/08/26,173.4700,1431371.0000,172.8500,175.6000,172.0700
2016/08/25,172.8500,1340695.0000,171.6000,174.1000,171.4700
2016/08/24,171.4900,1673109.0000,174.0400,175.0000,170.9000
2016/08/23,173.4900,1803766.0000,174.2600,175.4100,173.1600
2016/08/22,173.8500,2765471.0000,177.8800,178.0000,173.1800
2016/08/19,177.5300,2902006.0000,175.2600,178.8800,174.8600
2016/08/18,175.4000,2529713.0000,173.0300,175.8000,172.6800
2016/08/17,172.7300,2425551.0000,173.9800,174.0000,172.0100
2016/08/16,173.3000,2641981.0000,173.0000,174.4200,170.9000
2016/08/15,172.9500,3447910.0000,169.2200,174.9600,169.0000
2016/08/12,167.9800,1840959.0000,167.5700,168.5450,166.3200
2016/08/11,167.7200,1551020.0000,168.1300,168.7500,166.5100
2016/08/10,165.6300,1448731.0000,166.4600,167.4500,165.0000
2016/08/09,165.5400,1298007.0000,165.9000,166.5558,164.6800
2016/08/08,166.4500,1768909.0000,167.1500,169.4900,165.7300
2016/08/05,167.3800,2988851.0000,163.5000,168.2400,163.2050
2016/08/04,162.5600,1748292.0000,162.7200,164.1550,161.3390
2016/08/03,162.2400,1740297.0000,161.1200,163.2000,160.1300
2016/08/02,160.7500,1850394.0000,162.1600,164.5000,160.3300
2016/08/01,163.2300,4263839.0000,159.8000,164.1100,158.6200
2016/07/29,159.6000,7855791.0000,161.0100,161.5500,156.2300
2016/07/28,165.6300,3575568.0000,166.9000,167.8600,165.1500
2016/07/27,165.5000,2033524.0000,164.0000,165.6700,162.8200
2016/07/26,164.0300,2695764.0000,159.8900,164.7900,159.4600
2016/07/25,160.2500,2920958.0000,159.3000,160.3700,157.5400
2016/07/22,160.8800,1586158.0000,162.0600,162.6400,160.4500
2016/07/21,161.4000,2355973.0000,161.4700,162.8700,160.6000
2016/07/20,160.6500,3322207.0000,161.2100,161.7900,159.5000
2016/07/19,161.1900,4349972.0000,162.9000,165.2800,159.1100
2016/07/18,164.7900,2323816.0000,162.7400,165.0100,160.7500
2016/07/15,162.7400,2374233.0000,164.8600,165.2600,161.8500
2016/07/14,164.8500,2074852.0000,166.6500,166.8000,163.6100
2016/07/13,164.1600,2320492.0000,165.3800,166.0000,162.5680
2016/07/12,164.9800,3556179.0000,169.8900,172.7600,163.9100
2016/07/11,167.0300,4070585.0000,160.7000,167.9000,160.7000
2016/07/08,159.8000,6898849.0000,159.2100,161.0500,155.2800
2016/07/07,163.4200,2013625.0000,162.5000,165.8600,161.5600
2016/07/06,161.5600,2157209.0000,160.9800,161.8700,157.8800
2016/07/05,161.8700,2365437.0000,164.4200,165.5000,161.0000
2016/07/01,165.1900,1774724.0000,165.2400,166.6232,162.9000
2016/06/30,165.1500,1808793.0000,165.0700,165.2600,162.1000
2016/06/29,164.4100,2467934.0000,163.1000,166.5000,162.1400
2016/06/28,160.4100,2164735.0000,160.1000,162.9800,159.5600
2016/06/27,156.9200,3210372.0000,158.2400,158.5500,155.2800
2016/06/24,159.1200,3181470.0000,158.8700,163.6270,158.0100
2016/06/23,163.9200,2021247.0000,163.5100,164.9600,162.5500
2016/06/22,162.2200,2776539.0000,162.4900,165.5150,161.0000
2016/06/21,162.8000,3035687.0000,167.4400,168.3900,162.7200
2016/06/20,166.5300,3463541.0000,165.5700,172.2900,165.5700
2016/06/17,162.6800,3216379.0000,165.4200,165.8400,161.8500
2016/06/16,165.5200,4448207.0000,160.5800,166.1700,159.5000
2016/06/15,161.0300,3766326.0000,161.6100,162.1800,160.0601
2016/06/14,160.8400,10147290.0000,159.2600,170.1900,159.1313
2016/06/13,163.5500,3670516.0000,161.0100,164.8599,160.0000
2016/06/10,164.2800,2446353.0000,166.5800,167.4500,164.0000
2016/06/09,168.9900,2262186.0000,168.0000,169.3000,166.1500
2016/06/08,168.7100,2483954.0000,172.0400,172.2000,168.4600
2016/06/07,170.8600,2399706.0000,175.8700,175.8700,170.8100
2016/06/06,174.6200,1873102.0000,174.7300,176.0600,173.8001
2016/06/03,173.7400,2961673.0000,176.6400,177.5000,172.3300
2016/06/02,175.6400,3207920.0000,177.2000,179.0000,174.7500
2016/06/01,176.5300,4779468.0000,176.5300,177.7700,174.2600
2016/05/31,178.5400,24057380.0000,185.1500,185.5100,176.6100
2016/05/27,185.0100,5598916.0000,178.2900,185.2800,178.2800
2016/05/26,177.6700,3540025.0000,176.1900,177.7800,175.0000
2016/05/25,176.7100,3572660.0000,176.9900,178.8100,175.2100
2016/05/24,175.9100,4628397.0000,171.5500,178.1100,169.9200
2016/05/23,169.7700,1627176.0000,170.6900,171.5000,169.4300
2016/05/20,170.0500,2249265.0000,169.4100,171.1000,168.3300
2016/05/19,168.5100,2415250.0000,168.7500,169.8300,164.9300
2016/05/18,169.4500,3222628.0000,169.7500,171.5300,167.6700
2016/05/17,171.0400,5061549.0000,168.5900,172.9500,167.6500
2016/05/16,167.9600,5489336.0000,161.9200,168.9500,161.3101
2016/05/13,159.7500,3129647.0000,160.6550,162.7100,159.1200
2016/05/12,161.2800,4101717.0000,164.0400,164.5000,158.3800
2016/05/11,163.0500,6151616.0000,165.8800,166.2700,161.1200
2016/05/10,166.2100,5451582.0000,170.7500,171.0000,165.4200
2016/05/09,169.4900,6545717.0000,165.8400,172.3600,165.1000
2016/05/06,173.9400,3103496.0000,173.9100,176.8000,172.1100
2016/05/05,175.2200,3558495.0000,177.6400,179.7000,174.1301
2016/05/04,177.2800,4008009.0000,172.0400,178.1500,171.5000
2016/05/03,174.3600,5477405.0000,175.8000,176.3800,172.0000
2016/05/02,178.9100,10164460.0000,185.3300,185.3300,176.5000
2016/04/29,194.3000,6950750.0000,189.5000,201.0000,189.0000
2016/04/28,186.0200,3586775.0000,187.3500,190.3300,185.5400
2016/04/27,187.9500,2252177.0000,187.5200,189.0700,184.4400
2016/04/26,188.2500,1862278.0000,188.6800,190.8800,186.3700
2016/04/25,188.0400,1755306.0000,190.9100,192.4100,186.5400
2016/04/22,190.7600,2015608.0000,190.0300,192.7000,188.0300
2016/04/21,192.7400,1723938.0000,194.0600,195.9600,191.7500
2016/04/20,193.6700,1495938.0000,193.5000,194.7600,192.6000
2016/04/19,194.5200,2120734.0000,193.4400,195.2500,190.6700
2016/04/18,192.9400,1499124.0000,191.9200,193.9900,191.2600
2016/04/15,193.2200,1641117.0000,195.3200,195.4100,191.7600
